Id,Label
1,72
2,55
3,64
4,44
5,11
6,05
7,27
8,70
9,72
10,80
11,59
12,93
13,92
14,88
15,90
16,17
17,38
18,41
19,09
20,53
21,69
22,98
23,98
24,12
25,33
26,17
27,03
28,76
29,35
30,33
31,82
32,23
33,94
34,44
35,99
36,32
37,98
38,62
39,84
40,58
41,47
42,92
43,69
44,58
45,11
46,47
47,45
48,44
49,68
50,41
51,31
52,95
53,28
54,78
55,34
56,18
57,06
58,85
59,97
60,08
61,58
62,56
63,36
64,00
65,65
66,71
67,62
68,91
69,57
70,69
71,03
72,01
73,87
74,69
75,62
76,45
77,93
78,13
79,03
80,60
81,44
82,16
83,18
84,42
85,07
86,19
87,41
88,02
89,64
90,95
91,20
92,82
93,94
94,85
95,52
96,23
97,21
98,40
99,35
100,74
101,74
102,04
103,49
104,37
105,10
106,34
107,75
108,30
109,67
110,85
111,27
112,69
113,80
114,70
115,08
116,60
117,79
118,33
119,94
120,77
121,06
122,57
123,01
124,07
125,19
126,08
127,28
128,07
129,87
130,28
131,71
132,32
133,11
134,05
135,94
136,51
137,82
138,61
139,00
140,93
141,10
142,06
143,47
144,68
145,44
146,23
147,82
148,75
149,09
150,25
151,42
152,52
153,57
154,22
155,19
156,88
157,99
158,70
159,69
160,62
161,78
162,34
163,19
164,22
165,11
166,73
167,54
168,91
169,59
170,93
171,07
172,66
173,10
174,30
175,46
176,87
177,91
178,94
179,64
180,99
181,07
182,22
183,26
184,58
185,60
186,26
187,99
188,27
189,97
190,52
191,76
192,94
193,51
194,38
195,58
196,56
197,85
198,85
199,44
200,35
201,84
202,69
203,51
204,60
205,01
206,18
207,97
208,85
209,28
210,02
211,84
212,84
213,13
214,39
215,11
216,77
217,26
218,72
219,39
220,81
221,06
222,40
223,99
224,95
225,63
226,16
227,71
228,81
229,46
230,85
231,37
232,28
233,52
234,17
235,59
236,80
237,91
238,72
239,60
240,06
241,80
242,77
243,58
244,12
245,11
246,43
247,09
248,23
249,44
250,28
251,72
252,71
253,01
254,01
255,64
256,59
257,51
258,27
259,02
260,34
261,03
262,96
263,95
264,70
265,69
266,27
267,01
268,85
269,36
270,07
271,84
272,32
273,26
274,81
275,95
276,87
277,35
278,10
279,02
280,12
281,68
282,60
283,06
284,14
285,92
286,01
287,96
288,33
289,77
290,58
291,06
292,08
293,97
294,80
295,31
296,20
297,56
298,65
299,11
300,33
301,76
302,24
303,69
304,01
305,59
306,93
307,03
308,97
309,88
310,93
311,29
312,25
313,51
314,30
315,44
316,48
317,11
318,34
319,82
320,49
321,60
322,49
323,96
324,72
325,74
326,44
327,00
328,45
329,27
330,65
331,92
332,51
333,81
334,56
335,61
336,81
337,09
338,83
339,58
340,44
341,74
342,51
343,53
344,50
345,45
346,16
347,81
348,02
349,11
350,92
351,90
352,83
353,13
354,22
355,18
356,57
357,82
358,58
359,46
360,82
361,91
362,41
363,79
364,97
365,39
366,11
367,10
368,78
369,00
370,52
371,15
372,67
373,92
374,73
375,43
376,93
377,79
378,45
379,79
380,75
381,71
382,05
383,05
384,46
385,35
386,89
387,06
388,89
389,45
390,57
391,88
392,51
393,87
394,51
395,99
396,06
397,86
398,33
399,74
400,76
401,19
402,08
403,93
404,59
405,30
406,11
407,57
408,65
409,55
410,28
411,92
412,50
413,72
414,61
415,82
416,74
417,22
418,96
419,62
420,34
421,70
422,73
423,10
424,83
425,87
426,01
427,92
428,64
429,79
430,73
431,65
432,06
433,86
434,19
435,99
436,90
437,98
438,00
439,00
440,03
441,91
442,62
443,49
444,38
445,68
446,87
447,08
448,18
449,99
450,26
451,87
452,25
453,50
454,72
455,91
456,94
457,72
458,60
459,51
460,31
461,88
462,74
463,27
464,18
465,52
466,89
467,27
468,33
469,88
470,00
471,53
472,01
473,91
474,62
475,41
476,50
477,45
478,02
479,83
480,90
481,86
482,81
483,57
484,83
485,53
486,36
487,04
488,61
489,16
490,45
491,63
492,74
493,45
494,81
495,28
496,31
497,81
498,92
499,97
500,88
501,96
502,22
503,96
504,04
505,48
506,68
507,42
508,13
509,58
510,72
511,34
512,55
513,57
514,90
515,38
516,39
517,04
518,19
519,20
520,93
521,37
522,67
523,58
524,13
525,01
526,48
527,54
528,35
529,46
530,78
531,98
532,22
533,40
534,66
535,31
536,14
537,30
538,16
539,75
540,62
541,72
542,41
543,23
544,20
545,88
546,69
547,80
548,57
549,25
550,28
551,02
552,84
553,85
554,31
555,72
556,68
557,86
558,19
559,64
560,00
561,38
562,93
563,85
564,39
565,30
566,75
567,41
568,34
569,41
570,42
571,30
572,72
573,27
574,02
575,36
576,61
577,36
578,16
579,41
580,49
581,66
582,18
583,55
584,75
585,06
586,19
587,59
588,16
589,17
590,30
591,47
592,83
593,94
594,61
595,11
596,65
597,86
598,08
599,02
600,89
601,63
602,21
603,70
604,74
605,76
606,25
607,92
608,63
609,39
610,48
611,21
612,13
613,17
614,93
615,04
616,55
617,11
618,11
619,01
620,86
621,93
622,85
623,76
624,22
625,55
626,81
627,21
628,59
629,76
630,23
631,36
632,09
633,36
634,36
635,53
636,76
637,16
638,50
639,00
640,78
641,83
642,24
643,96
644,68
645,69
646,11
647,87
648,85
649,88
650,01
651,99
652,52
653,88
654,70
655,78
656,26
657,56
658,05
659,35
660,52
661,17
662,62
663,93
664,00
665,93
666,40
667,82
668,55
669,91
670,19
671,21
672,32
673,38
674,15
675,70
676,06
677,32
678,19
679,32
680,32
681,40
682,62
683,21
684,74
685,40
686,05
687,64
688,88
689,28
690,26
691,14
692,66
693,33
694,14
695,79
696,67
697,79
698,47
699,73
700,15
701,26
702,97
703,15
704,87
705,63
706,31
707,90
708,11
709,30
710,50
711,58
712,14
713,80
714,15
715,30
716,68
717,58
718,16
719,57
720,17
721,86
722,28
723,78
724,31
725,29
726,79
727,76
728,67
729,51
730,56
731,49
732,04
733,28
734,33
735,45
736,68
737,13
738,11
739,86
740,54
741,62
742,09
743,86
744,44
745,13
746,39
747,52
748,64
749,84
750,34
751,14
752,18
753,97
754,57
755,46
756,58
757,25
758,38
759,75
760,07
761,46
762,85
763,08
764,12
765,81
766,32
767,18
768,34
769,86
770,04
771,55
772,42
773,54
774,37
775,17
776,55
777,76
778,57
779,86
780,39
781,80
782,00
783,33
784,26
785,51
786,47
787,11
788,17
789,22
790,21
791,80
792,00
793,64
794,14
795,93
796,14
797,10
798,95
799,92
800,46
801,72
802,25
803,88
804,59
805,11
806,40
807,02
808,17
809,66
810,57
811,24
812,61
813,42
814,79
815,97
816,64
817,89
818,48
819,57
820,20
821,17
822,80
823,64
824,03
825,30
826,95
827,76
828,65
829,12
830,58
831,20
832,40
833,65
834,13
835,78
836,11
837,33
838,86
839,32
840,51
841,49
842,52
843,69
844,75
845,81
846,67
847,98
848,53
849,67
850,51
851,08
852,65
853,02
854,33
855,48
856,83
857,37
858,80
859,01
860,63
861,22
862,09
863,57
864,82
865,19
866,56
867,62
868,10
869,74
870,93
871,61
872,09
873,14
874,68
875,42
876,11
877,11
878,43
879,02
880,54
881,41
882,46
883,37
884,18
885,46
886,55
887,00
888,34
889,26
890,22
891,60
892,04
893,68
894,75
895,02
896,24
897,64
898,64
899,57
900,20
901,74
902,71
903,37
904,85
905,47
906,95
907,07
908,13
909,63
910,26
911,43
912,81
913,45
914,76
915,66
916,12
917,11
918,84
919,87
920,00
921,81
922,97
923,25
924,46
925,56
926,66
927,72
928,68
929,15
930,37
931,56
932,23
933,32
934,44
935,26
936,71
937,39
938,14
939,85
940,73
941,51
942,16
943,02
944,03
945,01
946,46
947,14
948,37
949,04
950,50
951,64
952,16
953,35
954,18
955,24
956,17
957,81
958,96
959,31
960,86
961,97
962,60
963,72
964,87
965,09
966,65
967,87
968,66
969,63
970,36
971,95
972,10
973,31
974,39
975,26
976,15
977,21
978,80
979,56
980,04
981,33
982,43
983,28
984,82
985,12
986,31
987,51
988,71
989,73
990,44
991,06
992,77
993,23
994,98
995,35
996,88
997,69
998,91
999,91
1000,41
1001,40
1002,39
1003,31
1004,19
1005,32
1006,39
1007,53
1008,86
1009,83
1010,95
1011,55
1012,79
1013,03
1014,24
1015,74
1016,33
1017,27
1018,25
1019,17
1020,28
1021,97
1022,25
1023,78
1024,68
1025,03
1026,82
1027,48
1028,50
1029,08
1030,87
1031,22
1032,10
1033,57
1034,94
1035,75
1036,71
1037,37
1038,71
1039,56
1040,08
1041,77
1042,83
1043,36
1044,03
1045,53
1046,50
1047,12
1048,60
1049,70
1050,49
1051,45
1052,36
1053,54
1054,89
1055,46
1056,26
1057,80
1058,29
1059,60
1060,15
1061,72
1062,52
1063,54
1064,83
1065,61
1066,80
1067,82
1068,28
1069,95
1070,61
1071,48
1072,19
1073,26
1074,49
1075,21
1076,84
1077,19
1078,85
1079,63
1080,63
1081,62
1082,81
1083,90
1084,60
1085,48
1086,89
1087,42
1088,55
1089,69
1090,51
1091,95
1092,47
1093,76
1094,87
1095,13
1096,77
1097,00
1098,08
1099,19
1100,30
1101,72
1102,68
1103,49
1104,24
1105,85
1106,66
1107,73
1108,72
1109,08
1110,07
1111,83
1112,81
1113,56
1114,44
1115,63
1116,87
1117,63
1118,65
1119,79
1120,99
1121,19
1122,54
1123,09
1124,37
1125,03
1126,13
1127,26
1128,93
1129,97
1130,48
1131,72
1132,88
1133,95
1134,87
1135,89
1136,50
1137,20
1138,69
1139,64
1140,31
1141,28
1142,07
1143,10
1144,83
1145,51
1146,79
1147,81
1148,39
1149,73
1150,97
1151,50
1152,91
1153,72
1154,37
1155,30
1156,23
1157,00
1158,66
1159,96
1160,21
1161,49
1162,49
1163,29
1164,17
1165,62
1166,35
1167,55
1168,18
1169,66
1170,83
1171,92
1172,10
1173,42
1174,30
1175,54
1176,41
1177,27
1178,63
1179,44
1180,60
1181,13
1182,03
1183,02
1184,86
1185,72
1186,92
1187,31
1188,81
1189,11
1190,33
1191,06
1192,57
1193,78
1194,08
1195,67
1196,09
1197,99
1198,61
1199,74
1200,44
1201,14
1202,04
1203,70
1204,02
1205,03
1206,20
1207,98
1208,94
1209,01
1210,83
1211,98
1212,61
1213,58
1214,31
1215,46
1216,62
1217,42
1218,52
1219,83
1220,38
1221,25
1222,58
1223,72
1224,13
1225,02
1226,12
1227,01
1228,92
1229,92
1230,22
1231,70
1232,29
1233,14
1234,70
1235,17
1236,86
1237,84
1238,18
1239,40
1240,79
1241,69
1242,46
1243,94
1244,80
1245,85
1246,13
1247,72
1248,34
1249,24
1250,32
1251,77
1252,69
1253,04
1254,55
1255,71
1256,40
1257,07
1258,67
1259,49
1260,62
1261,18
1262,16
1263,92
1264,84
1265,81
1266,70
1267,78
1268,63
1269,87
1270,71
1271,91
1272,68
1273,43
1274,37
1275,54
1276,46
1277,54
1278,87
1279,53
1280,41
1281,81
1282,32
1283,27
1284,61
1285,86
1286,34
1287,41
1288,68
1289,21
1290,78
1291,22
1292,55
1293,44
1294,02
1295,36
1296,96
1297,79
1298,56
1299,55
1300,57
1301,04
1302,37
1303,57
1304,61
1305,85
1306,88
1307,62
1308,69
1309,09
1310,04
1311,23
1312,87
1313,97
1314,79
1315,34
1316,75
1317,27
1318,02
1319,60
1320,66
1321,23
1322,07
1323,45
1324,04
1325,13
1326,80
1327,97
1328,02
1329,86
1330,40
1331,98
1332,10
1333,60
1334,67
1335,12
1336,59
1337,43
1338,36
1339,23
1340,75
1341,90
1342,41
1343,37
1344,48
1345,61
1346,24
1347,17
1348,63
1349,74
1350,84
1351,19
1352,26
1353,40
1354,64
1355,06
1356,13
1357,01
1358,38
1359,23
1360,51
1361,97
1362,70
1363,31
1364,78
1365,26
1366,01
1367,99
1368,59
1369,78
1370,77
1371,37
1372,15
1373,25
1374,39
1375,32
1376,61
1377,75
1378,99
1379,46
1380,33
1381,02
1382,13
1383,77
1384,50
1385,03
1386,37
1387,34
1388,34
1389,81
1390,72
1391,13
1392,08
1393,00
1394,60
1395,89
1396,53
1397,88
1398,52
1399,16
1400,89
1401,86
1402,97
1403,84
1404,43
1405,18
1406,42
1407,27
1408,21
1409,90
1410,54
1411,47
1412,64
1413,67
1414,24
1415,74
1416,72
1417,55
1418,34
1419,88
1420,80
1421,58
1422,89
1423,19
1424,88
1425,18
1426,62
1427,32
1428,81
1429,76
1430,55
1431,58
1432,72
1433,81
1434,43
1435,10
1436,32
1437,78
1438,72
1439,16
1440,20
1441,24
1442,36
1443,05
1444,11
1445,15
1446,57
1447,24
1448,63
1449,48
1450,92
1451,30
1452,73
1453,62
1454,19
1455,66
1456,58
1457,24
1458,31
1459,29
1460,43
1461,82
1462,37
1463,08
1464,83
1465,45
1466,77
1467,71
1468,85
1469,50
1470,33
1471,79
1472,09
1473,45
1474,81
1475,17
1476,11
1477,40
1478,15
1479,59
1480,21
1481,52
1482,12
1483,64
1484,75
1485,74
1486,78
1487,63
1488,10
1489,16
1490,30
1491,12
1492,86
1493,63
1494,81
1495,48
1496,33
1497,18
1498,95
1499,33
1500,79
1501,43
1502,36
1503,93
1504,27
1505,66
1506,20
1507,73
1508,33
1509,05
1510,31
1511,09
1512,55
1513,58
1514,54
1515,09
1516,84
1517,41
1518,94
1519,44
1520,58
1521,61
1522,95
1523,13
1524,29
1525,78
1526,57
1527,84
1528,48
1529,17
1530,37
1531,22
1532,29
1533,66
1534,81
1535,91
1536,38
1537,53
1538,74
1539,86
1540,59
1541,24
1542,45
1543,91
1544,52
1545,74
1546,62
1547,13
1548,79
1549,42
1550,53
1551,26
1552,92
1553,12
1554,47
1555,66
1556,29
1557,55
1558,17
1559,70
1560,94
1561,31
1562,32
1563,51
1564,07
1565,27
1566,24
1567,78
1568,94
1569,85
1570,59
1571,97
1572,88
1573,43
1574,81
1575,47
1576,96
1577,65
1578,47
1579,39
1580,90
1581,64
1582,42
1583,88
1584,40
1585,66
1586,12
1587,21
1588,48
1589,70
1590,16
1591,09
1592,90
1593,39
1594,18
1595,02
1596,96
1597,92
1598,17
1599,73
1600,20
1601,27
1602,91
1603,60
1604,29
1605,76
1606,97
1607,41
1608,42
1609,00
1610,21
1611,88
1612,21
1613,34
1614,03
1615,91
1616,38
1617,72
1618,27
1619,57
1620,94
1621,03
1622,69
1623,32
1624,02
1625,61
1626,77
1627,02
1628,78
1629,09
1630,01
1631,93
1632,79
1633,08
1634,91
1635,07
1636,75
1637,89
1638,03
1639,00
1640,58
1641,79
1642,88
1643,45
1644,08
1645,19
1646,61
1647,55
1648,71
1649,64
1650,30
1651,02
1652,64
1653,35
1654,38
1655,00
1656,17
1657,58
1658,47
1659,01
1660,47
1661,40
1662,51
1663,66
1664,53
1665,62
1666,47
1667,33
1668,14
1669,86
1670,93
1671,01
1672,26
1673,21
1674,37
1675,24
1676,51
1677,13
1678,01
1679,53
1680,88
1681,04
1682,35
1683,48
1684,50
1685,06
1686,71
1687,26
1688,23
1689,12
1690,10
1691,89
1692,20
1693,60
1694,55
1695,27
1696,07
1697,45
1698,21
1699,24
1700,25
1701,01
1702,67
1703,36
1704,09
1705,60
1706,48
1707,94
1708,74
1709,67
1710,33
1711,29
1712,99
1713,97
1714,85
1715,73
1716,65
1717,64
1718,27
1719,16
1720,39
1721,11
1722,52
1723,12
1724,96
1725,00
1726,10
1727,14
1728,89
1729,63
1730,38
1731,76
1732,20
1733,51
1734,33
1735,37
1736,36
1737,56
1738,13
1739,33
1740,41
1741,34
1742,16
1743,18
1744,60
1745,22
1746,20
1747,47
1748,51
1749,83
1750,27
1751,13
1752,55
1753,86
1754,48
1755,11
1756,13
1757,72
1758,72
1759,52
1760,11
1761,34
1762,91
1763,22
1764,97
1765,97
1766,78
1767,42
1768,80
1769,76
1770,87
1771,91
1772,63
1773,20
1774,17
1775,41
1776,57
1777,79
1778,64
1779,45
1780,41
1781,94
1782,04
1783,03
1784,25
1785,02
1786,44
1787,90
1788,14
1789,55
1790,39
1791,56
1792,21
1793,25
1794,68
1795,42
1796,15
1797,33
1798,84
1799,83
1800,32
1801,34
1802,91
1803,57
1804,24
1805,11
1806,16
1807,82
1808,11
1809,18
1810,33
1811,51
1812,22
1813,28
1814,21
1815,08
1816,17
1817,41
1818,42
1819,04
1820,16
1821,84
1822,36
1823,96
1824,40
1825,21
1826,88
1827,82
1828,22
1829,19
1830,78
1831,46
1832,90
1833,02
1834,76
1835,21
1836,94
1837,40
1838,26
1839,35
1840,36
1841,00
1842,34
1843,72
1844,43
1845,68
1846,91
1847,13
1848,76
1849,25
1850,50
1851,63
1852,03
1853,54
1854,98
1855,60
1856,05
1857,60
1858,67
1859,68
1860,03
1861,97
1862,64
1863,94
1864,52
1865,02
1866,10
1867,16
1868,34
1869,10
1870,31
1871,56
1872,64
1873,81
1874,58
1875,18
1876,48
1877,10
1878,80
1879,73
1880,09
1881,41
1882,06
1883,50
1884,85
1885,83
1886,04
1887,74
1888,44
1889,12
1890,44
1891,81
1892,70
1893,26
1894,13
1895,85
1896,58
1897,65
1898,18
1899,02
1900,97
1901,29
1902,13
1903,39
1904,13
1905,26
1906,09
1907,24
1908,79
1909,89
1910,55
1911,96
1912,12
1913,87
1914,77
1915,76
1916,28
1917,60
1918,93
1919,45
1920,13
1921,12
1922,96
1923,67
1924,46
1925,96
1926,46
1927,18
1928,61
1929,97
1930,31
1931,91
1932,08
1933,40
1934,84
1935,08
1936,71
1937,25
1938,62
1939,73
1940,86
1941,88
1942,00
1943,83
1944,28
1945,46
1946,71
1947,14
1948,48
1949,75
1950,06
1951,81
1952,08
1953,39
1954,63
1955,13
1956,02
1957,44
1958,22
1959,26
1960,85
1961,13
1962,92
1963,22
1964,50
1965,62
1966,78
1967,72
1968,50
1969,68
1970,34
1971,98
1972,91
1973,76
1974,63
1975,04
1976,72
1977,60
1978,70
1979,42
1980,35
1981,11
1982,64
1983,58
1984,14
1985,76
1986,70
1987,65
1988,96
1989,37
1990,62
1991,56
1992,11
1993,05
1994,20
1995,73
1996,61
1997,79
1998,67
1999,18
2000,93
2001,34
2002,94
2003,79
2004,08
2005,79
2006,40
2007,10
2008,63
2009,48
2010,15
2011,11
2012,53
2013,90
2014,46
2015,08
2016,54
2017,83
2018,19
2019,51
2020,71
2021,36
2022,17
2023,63
2024,68
2025,01
2026,01
2027,87
2028,66
2029,07
2030,58
2031,71
2032,31
2033,95
2034,42
2035,71
2036,48
2037,66
2038,20
2039,85
2040,75
2041,39
2042,08
2043,00
2044,80
2045,92
2046,84
2047,10
2048,13
2049,12
2050,63
2051,73
2052,47
2053,79
2054,71
2055,23
2056,60
2057,09
2058,83
2059,72
2060,62
2061,99
2062,33
2063,37
2064,70
2065,32
2066,96
2067,85
2068,32
2069,55
2070,32
2071,20
2072,70
2073,15
2074,82
2075,22
2076,54
2077,67
2078,20
2079,20
2080,10
2081,25
2082,88
2083,90
2084,10
2085,99
2086,60
2087,15
2088,24
2089,29
2090,40
2091,49
2092,48
2093,87
2094,87
2095,04
2096,60
2097,36
2098,01
2099,82
2100,41
2101,47
2102,86
2103,35
2104,73
2105,13
2106,07
2107,50
2108,39
2109,76
2110,86
2111,56
2112,26
2113,73
2114,03
2115,17
2116,17
2117,07
2118,88
2119,12
2120,48
2121,98
2122,27
2123,83
2124,59
2125,21
2126,91
2127,15
2128,01
2129,48
2130,75
2131,07
2132,68
2133,93
2134,64
2135,20
2136,70
2137,89
2138,55
2139,71
2140,95
2141,54
2142,50
2143,52
2144,06
2145,26
2146,09
2147,99
2148,18
2149,25
2150,94
2151,17
2152,37
2153,16
2154,24
2155,89
2156,71
2157,66
2158,63
2159,80
2160,55
2161,15
2162,36
2163,96
2164,11
2165,91
2166,80
2167,87
2168,43
2169,44
2170,12
2171,88
2172,70
2173,10
2174,23
2175,06
2176,55
2177,21
2178,93
2179,23
2180,44
2181,97
2182,08
2183,42
2184,11
2185,74
2186,11
2187,77
2188,11
2189,23
2190,24
2191,52
2192,12
2193,60
2194,52
2195,62
2196,01
2197,62
2198,68
2199,19
2200,77
2201,18
2202,94
2203,71
2204,95
2205,47
2206,16
2207,79
2208,65
2209,60
2210,13
2211,33
2212,00
2213,58
2214,52
2215,92
2216,15
2217,55
2218,53
2219,33
2220,17
2221,67
2222,24
2223,01
2224,43
2225,73
2226,57
2227,67
2228,34
2229,66
2230,99
2231,34
2232,39
2233,20
2234,15
2235,53
2236,57
2237,00
2238,23
2239,36
2240,98
2241,19
2242,96
2243,70
2244,52
2245,10
2246,68
2247,08
2248,77
2249,54
2250,82
2251,51
2252,65
2253,39
2254,26
2255,64
2256,67
2257,16
2258,99
2259,77
2260,79
2261,04
2262,97
2263,81
2264,31
2265,05
2266,09
2267,00
2268,76
2269,49
2270,51
2271,51
2272,09
2273,63
2274,25
2275,19
2276,70
2277,09
2278,94
2279,84
2280,25
2281,97
2282,63
2283,61
2284,43
2285,50
2286,85
2287,33
2288,84
2289,46
2290,83
2291,35
2292,86
2293,60
2294,66
2295,56
2296,84
2297,64
2298,89
2299,72
2300,14
2301,36
2302,37
2303,01
2304,88
2305,24
2306,67
2307,72
2308,36
2309,67
2310,96
2311,70
2312,35
2313,26
2314,23
2315,03
2316,84
2317,87
2318,61
2319,58
2320,90
2321,58
2322,97
2323,95
2324,54
2325,74
2326,80
2327,22
2328,21
2329,43
2330,66
2331,46
2332,74
2333,17
2334,08
2335,76
2336,70
2337,80
2338,30
2339,36
2340,97
2341,96
2342,26
2343,23
2344,62
2345,98
2346,07
2347,30
2348,14
2349,34
2350,87
2351,17
2352,97
2353,79
2354,76
2355,57
2356,60
2357,26
2358,92
2359,57
2360,15
2361,72
2362,48
2363,36
2364,27
2365,30
2366,15
2367,52
2368,05
2369,69
2370,70
2371,61
2372,62
2373,36
2374,18
2375,16
2376,92
2377,54
2378,58
2379,21
2380,18
2381,89
2382,63
2383,21
2384,78
2385,63
2386,80
2387,20
2388,82
2389,96
2390,84
2391,85
2392,74
2393,39
2394,77
2395,61
2396,19
2397,86
2398,90
2399,13
2400,84
2401,31
2402,05
2403,91
2404,87
2405,82
2406,78
2407,92
2408,21
2409,69
2410,34
2411,56
2412,22
2413,21
2414,55
2415,14
2416,68
2417,43
2418,59
2419,08
2420,34
2421,87
2422,12
2423,12
2424,55
2425,74
2426,62
2427,08
2428,16
2429,51
2430,02
2431,41
2432,60
2433,54
2434,24
2435,84
2436,57
2437,73
2438,40
2439,10
2440,07
2441,30
2442,37
2443,46
2444,38
2445,05
2446,90
2447,74
2448,62
2449,17
2450,61
2451,14
2452,33
2453,39
2454,56
2455,42
2456,30
2457,98
2458,27
2459,42
2460,44
2461,31
2462,67
2463,03
2464,70
2465,10
2466,09
2467,17
2468,69
2469,47
2470,45
2471,42
2472,41
2473,11
2474,83
2475,64
2476,41
2477,35
2478,95
2479,21
2480,65
2481,65
2482,80
2483,10
2484,99
2485,93
2486,27
2487,46
2488,52
2489,83
2490,56
2491,00
2492,27
2493,14
2494,51
2495,51
2496,92
2497,86
2498,55
2499,29
2500,58
2501,16
2502,82
2503,28
2504,17
2505,91
2506,17
2507,21
2508,55
2509,72
2510,53
2511,42
2512,27
2513,30
2514,23
2515,12
2516,33
2517,18
2518,80
2519,64
2520,96
2521,60
2522,38
2523,24
2524,97
2525,27
2526,85
2527,09
2528,53
2529,11
2530,10
2531,23
2532,88
2533,44
2534,17
2535,53
2536,19
2537,95
2538,89
2539,50
2540,65
2541,40
2542,33
2543,98
2544,61
2545,85
2546,40
2547,68
2548,01
2549,16
2550,34
2551,62
2552,27
2553,41
2554,17
2555,09
2556,38
2557,19
2558,57
2559,24
2560,29
2561,91
2562,90
2563,81
2564,69
2565,97
2566,88
2567,29
2568,44
2569,44
2570,07
2571,22
2572,73
2573,59
2574,43
2575,76
2576,11
2577,44
2578,31
2579,53
2580,97
2581,86
2582,31
2583,88
2584,15
2585,62
2586,61
2587,85
2588,30
2589,77
2590,41
2591,31
2592,58
2593,00
2594,94
2595,62
2596,52
2597,90
2598,33
2599,09
2600,76
2601,26
2602,63
2603,31
2604,46
2605,19
2606,71
2607,71
2608,90
2609,68
2610,47
2611,42
2612,69
2613,95
2614,36
2615,15
2616,54
2617,17
2618,24
2619,77
2620,12
2621,80
2622,24
2623,88
2624,87
2625,76
2626,35
2627,30
2628,37
2629,54
2630,76
2631,86
2632,26
2633,94
2634,15
2635,42
2636,68
2637,82
2638,65
2639,13
2640,40
2641,83
2642,23
2643,45
2644,20
2645,10
2646,00
2647,25
2648,64
2649,91
2650,17
2651,90
2652,87
2653,70
2654,12
2655,58
2656,43
2657,50
2658,97
2659,76
2660,35
2661,09
2662,85
2663,68
2664,42
2665,74
2666,81
2667,41
2668,68
2669,20
2670,48
2671,94
2672,57
2673,74
2674,10
2675,84
2676,70
2677,79
2678,41
2679,06
2680,11
2681,74
2682,51
2683,75
2684,38
2685,27
2686,44
2687,91
2688,15
2689,14
2690,57
2691,52
2692,92
2693,69
2694,80
2695,40
2696,49
2697,84
2698,47
2699,98
2700,82
2701,52
2702,15
2703,86
2704,85
2705,41
2706,79
2707,66
2708,41
2709,79
2710,40
2711,97
2712,17
2713,73
2714,35
2715,95
2716,11
2717,02
2718,98
2719,42
2720,96
2721,18
2722,84
2723,58
2724,00
2725,99
2726,15
2727,47
2728,58
2729,34
2730,42
2731,75
2732,01
2733,35
2734,89
2735,29
2736,94
2737,77
2738,78
2739,33
2740,17
2741,23
2742,57
2743,81
2744,78
2745,60
2746,45
2747,13
2748,39
2749,00
2750,62
2751,83
2752,59
2753,24
2754,54
2755,13
2756,26
2757,22
2758,37
2759,97
2760,36
2761,89
2762,55
2763,12
2764,48
2765,10
2766,08
2767,60
2768,55
2769,23
2770,36
2771,54
2772,14
2773,14
2774,06
2775,65
2776,84
2777,54
2778,30
2779,18
2780,74
2781,43
2782,47
2783,66
2784,13
2785,65
2786,91
2787,77
2788,49
2789,13
2790,56
2791,12
2792,15
2793,49
2794,34
2795,52
2796,23
2797,22
2798,57
2799,33
2800,39
2801,39
2802,13
2803,79
2804,02
2805,50
2806,17
2807,15
2808,94
2809,49
2810,40
2811,42
2812,13
2813,75
2814,40
2815,42
2816,85
2817,11
2818,96
2819,30
2820,08
2821,80
2822,63
2823,76
2824,74
2825,57
2826,65
2827,28
2828,31
2829,73
2830,01
2831,91
2832,01
2833,53
2834,12
2835,18
2836,68
2837,57
2838,17
2839,46
2840,61
2841,12
2842,85
2843,47
2844,32
2845,00
2846,63
2847,62
2848,88
2849,81
2850,93
2851,57
2852,21
2853,81
2854,12
2855,64
2856,22
2857,92
2858,94
2859,40
2860,16
2861,59
2862,10
2863,56
2864,62
2865,28
2866,83
2867,39
2868,13
2869,15
2870,75
2871,46
2872,26
2873,27
2874,66
2875,20
2876,61
2877,79
2878,28
2879,11
2880,37
2881,56
2882,16
2883,00
2884,29
2885,66
2886,18
2887,13
2888,44
2889,85
2890,35
2891,99
2892,78
2893,98
2894,61
2895,99
2896,52
2897,13
2898,16
2899,65
2900,32
2901,04
2902,56
2903,88
2904,13
2905,81
2906,02
2907,99
2908,33
2909,24
2910,12
2911,69
2912,79
2913,03
2914,52
2915,20
2916,73
2917,83
2918,05
2919,28
2920,52
2921,63
2922,26
2923,62
2924,41
2925,68
2926,61
2927,82
2928,22
2929,57
2930,99
2931,78
2932,35
2933,36
2934,87
2935,92
2936,60
2937,45
2938,10
2939,17
2940,61
2941,30
2942,88
2943,66
2944,22
2945,29
2946,99
2947,71
2948,96
2949,57
2950,60
2951,33
2952,96
2953,24
2954,76
2955,79
2956,10
2957,28
2958,43
2959,21
2960,31
2961,03
2962,19
2963,60
2964,70
2965,90
2966,99
2967,76
2968,36
2969,93
2970,11
2971,65
2972,27
2973,17
2974,90
2975,60
2976,68
2977,06
2978,93
2979,40
2980,21
2981,93
2982,27
2983,57
2984,78
2985,77
2986,35
2987,34
2988,99
2989,90
2990,43
2991,79
2992,25
2993,19
2994,46
2995,80
2996,22
2997,93
2998,44
2999,18
3000,01
3001,78
3002,91
3003,10
3004,90
3005,36
3006,70
3007,09
3008,55
3009,19
3010,67
3011,70
3012,70
3013,35
3014,11
3015,89
3016,21
3017,53
3018,48
3019,62
3020,89
3021,42
3022,23
3023,71
3024,86
3025,63
3026,30
3027,65
3028,57
3029,07
3030,08
3031,98
3032,60
3033,62
3034,57
3035,87
3036,33
3037,11
3038,27
3039,56
3040,63
3041,33
3042,41
3043,76
3044,23
3045,42
3046,42
3047,17
3048,82
3049,32
3050,19
3051,77
3052,69
3053,93
3054,01
3055,00
3056,58
3057,76
3058,40
3059,76
3060,62
3061,31
3062,94
3063,06
3064,31
3065,68
3066,24
3067,60
3068,19
3069,34
3070,09
3071,74
3072,81
3073,14
3074,03
3075,48
3076,05
3077,22
3078,00
3079,76
3080,84
3081,01
3082,87
3083,87
3084,12
3085,05
3086,92
3087,07
3088,54
3089,31
3090,08
3091,46
3092,43
3093,95
3094,43
3095,12
3096,40
3097,06
3098,19
3099,27
3100,12
3101,34
3102,93
3103,65
3104,11
3105,69
3106,78
3107,23
3108,03
3109,79
3110,80
3111,64
3112,95
3113,81
3114,86
3115,78
3116,15
3117,83
3118,66
3119,48
3120,33
3121,42
3122,14
3123,79
3124,60
3125,22
3126,27
3127,73
3128,62
3129,52
3130,60
3131,48
3132,53
3133,39
3134,43
3135,69
3136,57
3137,64
3138,39
3139,44
3140,54
3141,43
3142,62
3143,54
3144,03
3145,03
3146,02
3147,54
3148,35
3149,81
3150,86
3151,42
3152,95
3153,91
3154,02
3155,57
3156,10
3157,64
3158,16
3159,73
3160,10
3161,15
3162,01
3163,06
3164,53
3165,23
3166,14
3167,39
3168,37
3169,18
3170,57
3171,76
3172,17
3173,13
3174,87
3175,23
3176,79
3177,67
3178,91
3179,52
3180,75
3181,03
3182,94
3183,08
3184,01
3185,91
3186,15
3187,86
3188,09
3189,96
3190,37
3191,53
3192,81
3193,70
3194,81
3195,49
3196,78
3197,74
3198,94
3199,82
3200,77
3201,46
3202,96
3203,37
3204,30
3205,76
3206,01
3207,32
3208,84
3209,98
3210,08
3211,27
3212,15
3213,45
3214,30
3215,05
3216,43
3217,38
3218,92
3219,56
3220,14
3221,17
3222,59
3223,07
3224,51
3225,81
3226,30
3227,05
3228,97
3229,19
3230,52
3231,11
3232,95
3233,25
3234,70
3235,35
3236,16
3237,45
3238,15
3239,47
3240,46
3241,77
3242,03
3243,36
3244,27
3245,50
3246,73
3247,95
3248,75
3249,04
3250,16
3251,48
3252,17
3253,26
3254,48
3255,91
3256,29
3257,20
3258,28
3259,52
3260,81
3261,80
3262,10
3263,01
3264,81
3265,42
3266,67
3267,53
3268,13
3269,29
3270,84
3271,26
3272,69
3273,57
3274,68
3275,54
3276,01
3277,12
3278,84
3279,22
3280,55
3281,66
3282,49
3283,12
3284,36
3285,36
3286,04
3287,47
3288,33
3289,96
3290,92
3291,14
3292,84
3293,19
3294,24
3295,92
3296,72
3297,44
3298,06
3299,03
3300,94
3301,91
3302,15
3303,61
3304,87
3305,10
3306,79
3307,85
3308,99
3309,96
3310,46
3311,66
3312,12
3313,03
3314,38
3315,70
3316,16
3317,49
3318,92
3319,46
3320,57
3321,81
3322,13
3323,44
3324,97
3325,81
3326,01
3327,88
3328,57
3329,81
3330,86
3331,95
3332,44
3333,20
3334,53
3335,43
3336,63
3337,43
3338,28
3339,50
3340,92
3341,22
3342,67
3343,42
3344,18
3345,14
3346,33
3347,27
3348,00
3349,98
3350,16
3351,32
3352,94
3353,57
3354,30
3355,96
3356,58
3357,31
3358,95
3359,61
3360,99
3361,12
3362,19
3363,11
3364,75
3365,61
3366,13
3367,99
3368,10
3369,95
3370,85
3371,18
3372,46
3373,15
3374,91
3375,29
3376,03
3377,97
3378,50
3379,46
3380,08
3381,66
3382,51
3383,59
3384,68
3385,86
3386,53
3387,44
3388,05
3389,03
3390,62
3391,53
3392,57
3393,36
3394,32
3395,59
3396,13
3397,35
3398,47
3399,90
3400,19
3401,82
3402,34
3403,29
3404,10
3405,24
3406,84
3407,78
3408,59
3409,86
3410,98
3411,91
3412,41
3413,70
3414,92
3415,34
3416,83
3417,12
3418,50
3419,50
3420,68
3421,32
3422,23
3423,77
3424,12
3425,34
3426,66
3427,45
3428,49
3429,45
3430,83
3431,29
3432,65
3433,17
3434,83
3435,55
3436,92
3437,43
3438,32
3439,65
3440,76
3441,20
3442,45
3443,60
3444,70
3445,03
3446,03
3447,83
3448,19
3449,66
3450,99
3451,98
3452,96
3453,52
3454,23
3455,41
3456,96
3457,89
3458,99
3459,81
3460,04
3461,24
3462,25
3463,50
3464,31
3465,01
3466,93
3467,15
3468,23
3469,25
3470,00
3471,12
3472,92
3473,85
3474,64
3475,52
3476,00
3477,77
3478,27
3479,59
3480,52
3481,51
3482,09
3483,31
3484,45
3485,69
3486,28
3487,10
3488,04
3489,94
3490,89
3491,70
3492,26
3493,53
3494,94
3495,62
3496,40
3497,70
3498,92
3499,17
3500,51
3501,41
3502,85
3503,87
3504,67
3505,77
3506,45
3507,14
3508,34
3509,22
3510,62
3511,59
3512,90
3513,20
3514,86
3515,72
3516,20
3517,71
3518,84
3519,27
3520,22
3521,26
3522,57
3523,00
3524,51
3525,70
3526,29
3527,97
3528,68
3529,11
3530,51
3531,33
3532,15
3533,58
3534,43
3535,05
3536,70
3537,22
3538,17
3539,38
3540,79
3541,19
3542,28
3543,75
3544,21
3545,09
3546,22
3547,00
3548,70
3549,10
3550,02
3551,70
3552,15
3553,01
3554,38
3555,55
3556,16
3557,64
3558,95
3559,04
3560,09
3561,98
3562,68
3563,17
3564,68
3565,45
3566,18
3567,45
3568,28
3569,24
3570,27
3571,28
3572,73
3573,02
3574,84
3575,34
3576,48
3577,87
3578,00
3579,06
3580,05
3581,10
3582,09
3583,70
3584,21
3585,63
3586,52
3587,37
3588,95
3589,60
3590,12
3591,46
3592,52
3593,68
3594,10
3595,80
3596,37
3597,34
3598,69
3599,45
3600,90
3601,63
3602,75
3603,31
3604,64
3605,09
3606,51
3607,86
3608,07
3609,90
3610,09
3611,49
3612,90
3613,63
3614,12
3615,62
3616,92
3617,15
3618,05
3619,26
3620,44
3621,86
3622,66
3623,81
3624,23
3625,86
3626,89
3627,80
3628,44
3629,82
3630,84
3631,33
3632,51
3633,32
3634,00
3635,55
3636,74
3637,14
3638,89
3639,24
3640,11
3641,54
3642,16
3643,37
3644,48
3645,54
3646,10
3647,19
3648,34
3649,18
3650,84
3651,73
3652,81
3653,81
3654,92
3655,37
3656,18
3657,71
3658,77
3659,76
3660,10
3661,11
3662,71
3663,63
3664,24
3665,72
3666,56
3667,95
3668,92
3669,44
3670,10
3671,77
3672,69
3673,86
3674,23
3675,00
3676,45
3677,32
3678,23
3679,00
3680,20
3681,22
3682,23
3683,93
3684,83
3685,86
3686,74
3687,50
3688,37
3689,87
3690,05
3691,53
3692,13
3693,27
3694,33
3695,32
3696,67
3697,99
3698,39
3699,22
3700,57
3701,20
3702,16
3703,69
3704,32
3705,98
3706,74
3707,60
3708,03
3709,91
3710,60
3711,01
3712,51
3713,04
3714,83
3715,38
3716,77
3717,49
3718,32
3719,06
3720,11
3721,94
3722,19
3723,27
3724,72
3725,15
3726,20
3727,51
3728,96
3729,22
3730,69
3731,31
3732,70
3733,42
3734,24
3735,01
3736,63
3737,24
3738,74
3739,32
3740,22
3741,48
3742,95
3743,04
3744,65
3745,40
3746,34
3747,24
3748,08
3749,63
3750,43
3751,87
3752,13
3753,61
3754,49
3755,27
3756,60
3757,00
3758,11
3759,48
3760,42
3761,07
3762,56
3763,53
3764,10
3765,06
3766,54
3767,18
3768,87
3769,44
3770,38
3771,29
3772,90
3773,06
3774,53
3775,07
3776,46
3777,47
3778,54
3779,32
3780,96
3781,98
3782,06
3783,38
3784,02
3785,13
3786,65
3787,76
3788,12
3789,16
3790,43
3791,53
3792,01
3793,10
3794,86
3795,55
3796,48
3797,97
3798,35
3799,63
3800,57
3801,77
3802,96
3803,86
3804,70
3805,22
3806,67
3807,71
3808,24
3809,27
3810,16
3811,68
3812,32
3813,65
3814,91
3815,65
3816,84
3817,60
3818,44
3819,55
3820,93
3821,52
3822,14
3823,00
3824,36
3825,99
3826,39
3827,49
3828,36
3829,39
3830,00
3831,54
3832,98
3833,87
3834,03
3835,43
3836,43
3837,66
3838,74
3839,19
3840,28
3841,26
3842,83
3843,69
3844,38
3845,06
3846,31
3847,74
3848,13
3849,49
3850,71
3851,00
3852,36
3853,14
3854,43
3855,72
3856,37
3857,96
3858,58
3859,33
3860,44
3861,52
3862,97
3863,14
3864,73
3865,86
3866,06
3867,57
3868,57
3869,69
3870,24
3871,89
3872,45
3873,19
3874,33
3875,09
3876,39
3877,91
3878,91
3879,34
3880,07
3881,18
3882,15
3883,90
3884,57
3885,50
3886,77
3887,69
3888,88
3889,47
3890,66
3891,82
3892,34
3893,80
3894,47
3895,61
3896,70
3897,24
3898,34
3899,72
3900,55
3901,49
3902,63
3903,59
3904,13
3905,92
3906,16
3907,87
3908,10
3909,06
3910,68
3911,75
3912,65
3913,46
3914,93
3915,98
3916,36
3917,13
3918,11
3919,22
3920,49
3921,60
3922,27
3923,36
3924,47
3925,67
3926,11
3927,40
3928,73
3929,50
3930,99
3931,43
3932,14
3933,28
3934,19
3935,91
3936,62
3937,27
3938,19
3939,02
3940,61
3941,89
3942,93
3943,46
3944,20
3945,31
3946,25
3947,72
3948,71
3949,66
3950,21
3951,19
3952,36
3953,26
3954,67
3955,21
3956,65
3957,71
3958,42
3959,52
3960,32
3961,83
3962,10
3963,15
3964,31
3965,00
3966,93
3967,66
3968,18
3969,15
3970,21
3971,51
3972,53
3973,97
3974,34
3975,37
3976,58
3977,68
3978,07
3979,66
3980,03
3981,18
3982,37
3983,65
3984,11
3985,17
3986,39
3987,16
3988,85
3989,78
3990,59
3991,55
3992,17
3993,61
3994,33
3995,42
3996,20
3997,72
3998,97
3999,46
4000,54
4001,04
4002,49
4003,97
4004,30
4005,35
4006,25
4007,05
4008,63
4009,89
4010,96
4011,73
4012,93
4013,29
4014,01
4015,87
4016,22
4017,07
4018,33
4019,23
4020,30
4021,49
4022,48
4023,04
4024,58
4025,27
4026,96
4027,03
4028,15
4029,93
4030,65
4031,44
4032,28
4033,40
4034,00
4035,33
4036,53
4037,11
4038,71
4039,04
4040,98
4041,41
4042,54
4043,01
4044,18
4045,95
4046,46
4047,24
4048,32
4049,07
4050,81
4051,83
4052,35
4053,12
4054,31
4055,48
4056,56
4057,71
4058,10
4059,88
4060,95
4061,36
4062,74
4063,82
4064,41
4065,30
4066,92
4067,05
4068,16
4069,92
4070,22
4071,20
4072,00
4073,25
4074,97
4075,42
4076,42
4077,68
4078,34
4079,10
4080,34
4081,46
4082,62
4083,67
4084,39
4085,91
4086,13
4087,53
4088,93
4089,31
4090,70
4091,20
4092,68
4093,56
4094,73
4095,94
4096,67
4097,22
4098,69
4099,52
4100,10
4101,01
4102,79
4103,26
4104,81
4105,85
4106,59
4107,67
4108,17
4109,33
4110,51
4111,31
4112,22
4113,16
4114,03
4115,25
4116,08
4117,37
4118,21
4119,98
4120,33
4121,33
4122,77
4123,61
4124,46
4125,07
4126,44
4127,44
4128,75
4129,35
4130,97
4131,09
4132,55
4133,32
4134,16
4135,67
4136,95
4137,37
4138,87
4139,88
4140,23
4141,20
4142,71
4143,15
4144,09
4145,90
4146,44
4147,61
4148,94
4149,20
4150,34
4151,30
4152,61
4153,70
4154,39
4155,46
4156,51
4157,57
4158,16
4159,44
4160,60
4161,80
4162,61
4163,86
4164,65
4165,45
4166,26
4167,05
4168,37
4169,05
4170,07
4171,77
4172,68
4173,69
4174,15
4175,02
4176,18
4177,74
4178,90
4179,61
4180,27
4181,93
4182,76
4183,67
4184,06
4185,67
4186,53
4187,14
4188,02
4189,15
4190,52
4191,27
4192,08
4193,95
4194,18
4195,81
4196,09
4197,24
4198,35
4199,47
4200,74
4201,93
4202,52
4203,05
4204,53
4205,31
4206,73
4207,70
4208,20
4209,56
4210,50
4211,35
4212,26
4213,12
4214,25
4215,70
4216,79
4217,72
4218,36
4219,43
4220,57
4221,85
4222,75
4223,94
4224,56
4225,54
4226,83
4227,92
4228,34
4229,41
4230,07
4231,10
4232,19
4233,40
4234,11
4235,17
4236,66
4237,07
4238,77
4239,15
4240,15
4241,97
4242,75
4243,12
4244,07
4245,73
4246,20
4247,54
4248,31
4249,89
4250,89
4251,70
4252,27
4253,72
4254,97
4255,66
4256,55
4257,26
4258,16
4259,72
4260,92
4261,78
4262,13
4263,74
4264,88
4265,87
4266,75
4267,66
4268,49
4269,03
4270,02
4271,04
4272,74
4273,83
4274,00
4275,81
4276,57
4277,99
4278,09
4279,78
4280,13
4281,53
4282,47
4283,34
4284,79
4285,16
4286,10
4287,17
4288,22
4289,92
4290,02
4291,24
4292,34
4293,00
4294,76
4295,69
4296,81
4297,06
4298,20
4299,53
4300,06
4301,45
4302,40
4303,16
4304,05
4305,02
4306,78
4307,12
4308,67
4309,73
4310,51
4311,00
4312,30
4313,87
4314,75
4315,56
4316,41
4317,78
4318,07
4319,31
4320,19
4321,38
4322,64
4323,34
4324,71
4325,38
4326,95
4327,28
4328,56
4329,24
4330,24
4331,82
4332,77
4333,43
4334,37
4335,91
4336,99
4337,31
4338,33
4339,35
4340,68
4341,57
4342,85
4343,19
4344,57
4345,98
4346,80
4347,26
4348,61
4349,17
4350,67
4351,02
4352,21
4353,55
4354,70
4355,33
4356,00
4357,01
4358,04
4359,83
4360,31
4361,20
4362,61
4363,02
4364,51
4365,63
4366,52
4367,89
4368,04
4369,01
4370,81
4371,69
4372,67
4373,18
4374,70
4375,68
4376,12
4377,10
4378,70
4379,60
4380,08
4381,52
4382,96
4383,90
4384,41
4385,54
4386,04
4387,15
4388,23
4389,78
4390,21
4391,56
4392,77
4393,75
4394,67
4395,22
4396,08
4397,80
4398,36
4399,14
4400,71
4401,32
4402,11
4403,81
4404,24
4405,22
4406,46
4407,18
4408,51
4409,77
4410,37
4411,19
4412,27
4413,97
4414,49
4415,94
4416,18
4417,19
4418,85
4419,34
4420,91
4421,95
4422,48
4423,94
4424,10
4425,45
4426,82
4427,51
4428,81
4429,64
4430,37
4431,04
4432,69
4433,26
4434,08
4435,15
4436,33
4437,95
4438,32
4439,09
4440,29
4441,04
4442,89
4443,42
4444,00
4445,93
4446,76
4447,62
4448,71
4449,23
4450,13
4451,69
4452,52
4453,91
4454,80
4455,37
4456,01
4457,71
4458,39
4459,27
4460,61
4461,98
4462,40
4463,83
4464,45
4465,90
4466,17
4467,80
4468,10
4469,36
4470,93
4471,39
4472,06
4473,87
4474,17
4475,11
4476,67
4477,67
4478,25
4479,95
4480,19
4481,61
4482,41
4483,23
4484,73
4485,10
4486,61
4487,13
4488,57
4489,85
4490,25
4491,47
4492,28
4493,24
4494,90
4495,99
4496,01
4497,61
4498,08
4499,03
4500,28
4501,00
4502,23
4503,81
4504,39
4505,56
4506,66
4507,71
4508,54
4509,17
4510,10
4511,59
4512,13
4513,91
4514,20
4515,52
4516,22
4517,69
4518,89
4519,80
4520,73
4521,43
4522,73
4523,36
4524,20
4525,41
4526,01
4527,80
4528,26
4529,93
4530,79
4531,94
4532,20
4533,73
4534,51
4535,21
4536,59
4537,12
4538,93
4539,76
4540,68
4541,50
4542,78
4543,27
4544,36
4545,28
4546,79
4547,63
4548,64
4549,61
4550,94
4551,23
4552,90
4553,28
4554,67
4555,07
4556,39
4557,20
4558,71
4559,96
4560,69
4561,72
4562,37
4563,27
4564,80
4565,94
4566,00
4567,89
4568,10
4569,90
4570,10
4571,33
4572,66
4573,01
4574,94
4575,03
4576,22
4577,78
4578,77
4579,34
4580,34
4581,72
4582,23
4583,16
4584,97
4585,97
4586,82
4587,30
4588,87
4589,16
4590,64
4591,33
4592,98
4593,28
4594,34
4595,46
4596,60
4597,04
4598,65
4599,26
4600,78
4601,67
4602,92
4603,67
4604,92
4605,40
4606,58
4607,52
4608,05
4609,04
4610,11
4611,24
4612,36
4613,31
4614,15
4615,19
4616,29
4617,15
4618,30
4619,83
4620,91
4621,59
4622,03
4623,52
4624,59
4625,12
4626,19
4627,23
4628,14
4629,78
4630,17
4631,37
4632,98
4633,44
4634,83
4635,16
4636,17
4637,33
4638,77
4639,26
4640,43
4641,44
4642,83
4643,79
4644,34
4645,93
4646,62
4647,22
4648,75
4649,91
4650,64
4651,10
4652,78
4653,69
4654,21
4655,24
4656,32
4657,03
4658,90
4659,99
4660,14
4661,67
4662,25
4663,95
4664,57
4665,83
4666,00
4667,17
4668,86
4669,10
4670,41
4671,96
4672,04
4673,68
4674,97
4675,03
4676,55
4677,09
4678,19
4679,66
4680,56
4681,96
4682,70
4683,09
4684,38
4685,91
4686,53
4687,71
4688,92
4689,03
4690,98
4691,06
4692,73
4693,68
4694,58
4695,97
4696,68
4697,29
4698,77
4699,18
4700,76
4701,47
4702,78
4703,88
4704,17
4705,51
4706,36
4707,52
4708,99
4709,32
4710,36
4711,06
4712,40
4713,35
4714,80
4715,33
4716,82
4717,14
4718,77
4719,61
4720,33
4721,25
4722,96
4723,04
4724,60
4725,16
4726,91
4727,74
4728,94
4729,91
4730,00
4731,29
4732,54
4733,73
4734,27
4735,05
4736,65
4737,99
4738,94
4739,76
4740,69
4741,60
4742,26
4743,38
4744,88
4745,81
4746,10
4747,33
4748,11
4749,48
4750,16
4751,80
4752,93
4753,32
4754,75
4755,05
4756,72
4757,54
4758,17
4759,08
4760,62
4761,81
4762,78
4763,11
4764,74
4765,74
4766,59
4767,57
4768,79
4769,18
4770,55
4771,88
4772,94
4773,80
4774,89
4775,94
4776,53
4777,62
4778,36
4779,36
4780,94
4781,37
4782,16
4783,19
4784,91
4785,73
4786,08
4787,45
4788,08
4789,58
4790,54
4791,41
4792,24
4793,07
4794,47
4795,77
4796,86
4797,24
4798,50
4799,25
4800,44
4801,20
4802,58
4803,46
4804,11
4805,78
4806,15
4807,51
4808,80
4809,64
4810,53
4811,67
4812,55
4813,56
4814,20
4815,22
4816,88
4817,13
4818,54
4819,21
4820,36
4821,85
4822,98
4823,76
4824,99
4825,03
4826,00
4827,10
4828,21
4829,79
4830,01
4831,68
4832,38
4833,65
4834,24
4835,76
4836,91
4837,05
4838,91
4839,94
4840,95
4841,98
4842,01
4843,93
4844,76
4845,62
4846,65
4847,97
4848,76
4849,23
4850,47
4851,49
4852,90
4853,69
4854,55
4855,05
4856,37
4857,76
4858,19
4859,71
4860,69
4861,65
4862,07
4863,44
4864,48
4865,93
4866,32
4867,76
4868,56
4869,22
4870,14
4871,34
4872,77
4873,49
4874,94
4875,45
4876,79
4877,19
4878,02
4879,10
4880,73
4881,07
4882,91
4883,16
4884,35
4885,22
4886,26
4887,68
4888,32
4889,84
4890,03
4891,93
4892,83
4893,63
4894,87
4895,48
4896,21
4897,61
4898,73
4899,60
4900,91
4901,11
4902,73
4903,23
4904,48
4905,92
4906,91
4907,68
4908,59
4909,31
4910,82
4911,93
4912,37
4913,33
4914,57
4915,75
4916,07
4917,05
4918,49
4919,24
4920,60
4921,07
4922,73
4923,82
4924,51
4925,75
4926,78
4927,24
4928,23
4929,54
4930,89
4931,85
4932,59
4933,58
4934,34
4935,70
4936,06
4937,96
4938,10
4939,53
4940,91
4941,09
4942,03
4943,47
4944,01
4945,27
4946,87
4947,94
4948,93
4949,21
4950,43
4951,57
4952,17
4953,13
4954,26
4955,01
4956,83
4957,35
4958,95
4959,13
4960,04
4961,15
4962,08
4963,59
4964,98
4965,97
4966,90
4967,31
4968,29
4969,93
4970,47
4971,00
4972,56
4973,63
4974,63
4975,02
4976,48
4977,85
4978,17
4979,54
4980,47
4981,93
4982,13
4983,90
4984,17
4985,38
4986,50
4987,88
4988,60
4989,24
4990,10
4991,27
4992,09
4993,14
4994,42
4995,32
4996,57
4997,87
4998,99
4999,85
5000,48
5001,73
5002,89
5003,33
5004,50
5005,15
5006,26
5007,82
5008,92
5009,72
5010,69
5011,12
5012,90
5013,80
5014,91
5015,16
5016,48
5017,92
5018,12
5019,70
5020,26
5021,91
5022,34
5023,30
5024,03
5025,06
5026,97
5027,55
5028,09
5029,55
5030,26
5031,22
5032,90
5033,76
5034,60
5035,36
5036,78
5037,21
5038,61
5039,49
5040,17
5041,14
5042,85
5043,41
5044,82
5045,95
5046,86
5047,50
5048,15
5049,69
5050,89
5051,81
5052,62
5053,59
5054,99
5055,16
5056,38
5057,90
5058,48
5059,24
5060,15
5061,13
5062,47
5063,81
5064,84
5065,16
5066,72
5067,91
5068,77
5069,17
5070,92
5071,99
5072,21
5073,38
5074,57
5075,38
5076,83
5077,34
5078,41
5079,47
5080,11
5081,07
5082,71
5083,03
5084,70
5085,84
5086,65
5087,28
5088,82
5089,39
5090,77
5091,66
5092,38
5093,77
5094,22
5095,77
5096,17
5097,24
5098,38
5099,82
5100,63
5101,09
5102,57
5103,22
5104,39
5105,26
5106,55
5107,72
5108,91
5109,07
5110,98
5111,64
5112,75
5113,73
5114,34
5115,06
5116,12
5117,63
5118,83
5119,87
5120,01
5121,28
5122,58
5123,11
5124,86
5125,71
5126,66
5127,98
5128,09
5129,57
5130,81
5131,57
5132,24
5133,52
5134,46
5135,88
5136,68
5137,47
5138,18
5139,16
5140,11
5141,57
5142,76
5143,21
5144,02
5145,70
5146,94
5147,75
5148,66
5149,46
5150,83
5151,94
5152,48
5153,62
5154,76
5155,50
5156,43
5157,92
5158,82
5159,60
5160,98
5161,12
5162,15
5163,12
5164,99
5165,40
5166,29
5167,05
5168,36
5169,73
5170,73
5171,98
5172,51
5173,26
5174,65
5175,51
5176,52
5177,28
5178,81
5179,60
5180,57
5181,65
5182,32
5183,16
5184,25
5185,17
5186,27
5187,58
5188,05
5189,71
5190,78
5191,18
5192,86
5193,63
5194,94
5195,78
5196,11
5197,65
5198,87
5199,96
5200,36
5201,66
5202,17
5203,09
5204,44
5205,41
5206,41
5207,03
5208,36
5209,59
5210,66
5211,15
5212,84
5213,86
5214,11
5215,63
5216,81
5217,30
5218,33
5219,54
5220,23
5221,01
5222,22
5223,10
5224,78
5225,22
5226,16
5227,05
5228,57
5229,15
5230,72
5231,14
5232,24
5233,00
5234,46
5235,12
5236,03
5237,12
5238,91
5239,24
5240,67
5241,62
5242,52
5243,48
5244,40
5245,73
5246,84
5247,54
5248,00
5249,07
5250,64
5251,64
5252,73
5253,24
5254,25
5255,28
5256,71
5257,08
5258,58
5259,27
5260,48
5261,71
5262,74
5263,10
5264,57
5265,26
5266,91
5267,16
5268,11
5269,02
5270,39
5271,71
5272,39
5273,89
5274,34
5275,98
5276,66
5277,98
5278,80
5279,37
5280,11
5281,30
5282,12
5283,89
5284,12
5285,26
5286,20
5287,15
5288,17
5289,65
5290,75
5291,87
5292,55
5293,81
5294,47
5295,03
5296,41
5297,84
5298,81
5299,55
5300,93
5301,68
5302,40
5303,40
5304,25
5305,56
5306,00
5307,10
5308,19
5309,14
5310,12
5311,61
5312,16
5313,08
5314,06
5315,82
5316,83
5317,10
5318,14
5319,98
5320,80
5321,13
5322,68
5323,59
5324,62
5325,20
5326,11
5327,18
5328,50
5329,12
5330,98
5331,88
5332,16
5333,55
5334,63
5335,37
5336,81
5337,62
5338,45
5339,29
5340,19
5341,07
5342,72
5343,90
5344,81
5345,73
5346,82
5347,31
5348,26
5349,33
5350,28
5351,81
5352,77
5353,96
5354,65
5355,31
5356,01
5357,49
5358,18
5359,38
5360,61
5361,76
5362,93
5363,60
5364,77
5365,96
5366,73
5367,58
5368,10
5369,76
5370,73
5371,98
5372,92
5373,80
5374,41
5375,74
5376,47
5377,32
5378,49
5379,76
5380,10
5381,29
5382,91
5383,80
5384,42
5385,26
5386,18
5387,26
5388,29
5389,99
5390,78
5391,91
5392,20
5393,95
5394,68
5395,78
5396,97
5397,33
5398,66
5399,52
5400,21
5401,58
5402,55
5403,24
5404,13
5405,57
5406,82
5407,26
5408,61
5409,58
5410,47
5411,24
5412,53
5413,92
5414,10
5415,53
5416,33
5417,52
5418,19
5419,96
5420,15
5421,17
5422,91
5423,11
5424,57
5425,14
5426,86
5427,03
5428,77
5429,74
5430,18
5431,40
5432,35
5433,82
5434,03
5435,24
5436,63
5437,70
5438,91
5439,29
5440,06
5441,45
5442,29
5443,48
5444,36
5445,31
5446,44
5447,47
5448,63
5449,65
5450,79
5451,13
5452,02
5453,56
5454,37
5455,25
5456,49
5457,60
5458,18
5459,06
5460,68
5461,13
5462,61
5463,08
5464,25
5465,10
5466,45
5467,21
5468,63
5469,76
5470,98
5471,10
5472,51
5473,21
5474,93
5475,60
5476,37
5477,71
5478,75
5479,12
5480,69
5481,29
5482,98
5483,12
5484,75
5485,87
5486,18
5487,88
5488,84
5489,46
5490,99
5491,39
5492,47
5493,24
5494,23
5495,38
5496,94
5497,90
5498,73
5499,91
5500,08
5501,60
5502,67
5503,00
5504,09
5505,32
5506,30
5507,29
5508,87
5509,46
5510,83
5511,59
5512,48
5513,62
5514,96
5515,05
5516,57
5517,07
5518,23
5519,82
5520,63
5521,75
5522,58
5523,93
5524,71
5525,84
5526,08
5527,62
5528,74
5529,61
5530,71
5531,19
5532,71
5533,92
5534,97
5535,84
5536,59
5537,16
5538,30
5539,65
5540,13
5541,25
5542,74
5543,13
5544,75
5545,39
5546,14
5547,87
5548,78
5549,16
5550,07
5551,08
5552,19
5553,87
5554,83
5555,27
5556,82
5557,98
5558,31
5559,43
5560,54
5561,09
5562,71
5563,27
5564,71
5565,62
5566,77
5567,27
5568,82
5569,54
5570,76
5571,69
5572,03
5573,70
5574,72
5575,79
5576,81
5577,99
5578,64
5579,82
5580,36
5581,21
5582,21
5583,96
5584,70
5585,33
5586,71
5587,71
5588,89
5589,61
5590,25
5591,05
5592,08
5593,09
5594,85
5595,35
5596,05
5597,39
5598,52
5599,02
5600,62
5601,78
5602,00
5603,78
5604,22
5605,01
5606,04
5607,92
5608,33
5609,07
5610,23
5611,79
5612,40
5613,81
5614,12
5615,35
5616,18
5617,62
5618,98
5619,29
5620,03
5621,66
5622,20
5623,87
5624,46
5625,98
5626,30
5627,13
5628,71
5629,39
5630,64
5631,69
5632,92
5633,76
5634,36
5635,45
5636,54
5637,49
5638,33
5639,40
5640,07
5641,62
5642,72
5643,09
5644,46
5645,02
5646,21
5647,33
5648,91
5649,98
5650,69
5651,60
5652,96
5653,26
5654,39
5655,68
5656,61
5657,95
5658,41
5659,72
5660,80
5661,54
5662,69
5663,64
5664,18
5665,90
5666,69
5667,24
5668,48
5669,94
5670,29
5671,32
5672,12
5673,71
5674,40
5675,23
5676,44
5677,85
5678,12
5679,36
5680,38
5681,76
5682,13
5683,95
5684,22
5685,75
5686,99
5687,10
5688,76
5689,28
5690,19
5691,70
5692,30
5693,98
5694,57
5695,60
5696,83
5697,11
5698,81
5699,02
5700,11
5701,91
5702,46
5703,00
5704,59
5705,21
5706,09
5707,23
5708,99
5709,41
5710,24
5711,65
5712,15
5713,32
5714,02
5715,04
5716,13
5717,01
5718,07
5719,24
5720,72
5721,12
5722,89
5723,14
5724,94
5725,43
5726,99
5727,51
5728,71
5729,51
5730,66
5731,84
5732,18
5733,50
5734,21
5735,87
5736,19
5737,24
5738,69
5739,95
5740,83
5741,17
5742,11
5743,80
5744,59
5745,00
5746,87
5747,68
5748,29
5749,01
5750,18
5751,97
5752,85
5753,82
5754,71
5755,75
5756,60
5757,91
5758,79
5759,73
5760,98
5761,13
5762,12
5763,74
5764,30
5765,73
5766,07
5767,19
5768,14
5769,66
5770,61
5771,74
5772,17
5773,18
5774,95
5775,93
5776,76
5777,03
5778,21
5779,26
5780,03
5781,06
5782,02
5783,96
5784,26
5785,11
5786,87
5787,75
5788,53
5789,74
5790,75
5791,51
5792,85
5793,93
5794,50
5795,30
5796,57
5797,96
5798,16
5799,94
5800,44
5801,11
5802,81
5803,69
5804,84
5805,69
5806,94
5807,13
5808,38
5809,69
5810,91
5811,07
5812,92
5813,64
5814,72
5815,86
5816,92
5817,10
5818,36
5819,18
5820,31
5821,57
5822,69
5823,25
5824,39
5825,29
5826,44
5827,22
5828,09
5829,90
5830,22
5831,25
5832,34
5833,58
5834,51
5835,89
5836,77
5837,01
5838,17
5839,48
5840,80
5841,68
5842,53
5843,09
5844,37
5845,87
5846,28
5847,74
5848,57
5849,55
5850,07
5851,87
5852,62
5853,38
5854,72
5855,49
5856,37
5857,76
5858,92
5859,63
5860,19
5861,74
5862,73
5863,26
5864,95
5865,22
5866,23
5867,32
5868,37
5869,65
5870,15
5871,36
5872,36
5873,91
5874,94
5875,14
5876,51
5877,69
5878,15
5879,00
5880,63
5881,99
5882,86
5883,06
5884,66
5885,21
5886,41
5887,00
5888,12
5889,64
5890,64
5891,06
5892,60
5893,66
5894,63
5895,80
5896,03
5897,76
5898,26
5899,39
5900,20
5901,80
5902,21
5903,52
5904,95
5905,17
5906,54
5907,81
5908,25
5909,64
5910,02
5911,48
5912,44
5913,48
5914,58
5915,40
5916,63
5917,87
5918,08
5919,58
5920,17
5921,80
5922,53
5923,41
5924,03
5925,60
5926,49
5927,17
5928,16
5929,00
5930,11
5931,95
5932,45
5933,69
5934,71
5935,01
5936,89
5937,40
5938,36
5939,65
5940,40
5941,60
5942,46
5943,90
5944,62
5945,20
5946,99
5947,90
5948,63
5949,06
5950,98
5951,11
5952,50
5953,58
5954,68
5955,18
5956,18
5957,06
5958,25
5959,74
5960,18
5961,44
5962,40
5963,27
5964,14
5965,91
5966,19
5967,56
5968,65
5969,30
5970,65
5971,70
5972,72
5973,14
5974,54
5975,33
5976,19
5977,40
5978,19
5979,60
5980,15
5981,93
5982,39
5983,13
5984,07
5985,67
5986,68
5987,65
5988,17
5989,65
5990,71
5991,35
5992,57
5993,24
5994,73
5995,19
5996,92
5997,59
5998,70
5999,34
6000,34
6001,81
6002,66
6003,58
6004,91
6005,31
6006,58
6007,09
6008,55
6009,61
6010,38
6011,61
6012,13
6013,17
6014,84
6015,25
6016,17
6017,18
6018,54
6019,94
6020,38
6021,96
6022,81
6023,40
6024,97
6025,57
6026,70
6027,86
6028,03
6029,57
6030,61
6031,79
6032,05
6033,07
6034,58
6035,70
6036,92
6037,73
6038,07
6039,82
6040,55
6041,23
6042,52
6043,46
6044,90
6045,88
6046,32
6047,17
6048,81
6049,73
6050,51
6051,59
6052,90
6053,75
6054,63
6055,43
6056,50
6057,07
6058,67
6059,81
6060,98
6061,02
6062,33
6063,46
6064,59
6065,25
6066,30
6067,92
6068,35
6069,03
6070,04
6071,61
6072,76
6073,12
6074,69
6075,60
6076,72
6077,18
6078,20
6079,13
6080,22
6081,03
6082,56
6083,14
6084,41
6085,38
6086,78
6087,42
6088,75
6089,39
6090,74
6091,88
6092,09
6093,07
6094,40
6095,98
6096,40
6097,94
6098,94
6099,61
6100,87
6101,19
6102,87
6103,91
6104,49
6105,16
6106,43
6107,72
6108,43
6109,05
6110,31
6111,83
6112,40
6113,76
6114,70
6115,72
6116,67
6117,43
6118,83
6119,24
6120,41
6121,60
6122,76
6123,39
6124,31
6125,68
6126,49
6127,44
6128,28
6129,51
6130,74
6131,22
6132,52
6133,14
6134,94
6135,78
6136,65
6137,21
6138,36
6139,93
6140,97
6141,15
6142,51
6143,96
6144,08
6145,71
6146,23
6147,42
6148,36
6149,61
6150,77
6151,34
6152,98
6153,24
6154,76
6155,23
6156,82
6157,86
6158,37
6159,31
6160,67
6161,61
6162,87
6163,30
6164,14
6165,00
6166,24
6167,61
6168,21
6169,49
6170,59
6171,92
6172,90
6173,57
6174,11
6175,67
6176,14
6177,91
6178,64
6179,02
6180,85
6181,63
6182,41
6183,06
6184,02
6185,54
6186,09
6187,82
6188,41
6189,10
6190,17
6191,23
6192,93
6193,30
6194,54
6195,98
6196,02
6197,41
6198,29
6199,78
6200,45
6201,98
6202,76
6203,78
6204,38
6205,35
6206,21
6207,95
6208,93
6209,38
6210,70
6211,57
6212,28
6213,71
6214,40
6215,65
6216,10
6217,69
6218,27
6219,81
6220,93
6221,99
6222,22
6223,22
6224,59
6225,97
6226,38
6227,76
6228,65
6229,04
6230,96
6231,69
6232,30
6233,51
6234,80
6235,01
6236,77
6237,87
6238,82
6239,91
6240,45
6241,80
6242,37
6243,57
6244,00
6245,57
6246,10
6247,19
6248,69
6249,50
6250,35
6251,28
6252,03
6253,56
6254,51
6255,05
6256,43
6257,52
6258,67
6259,56
6260,44
6261,90
6262,75
6263,73
6264,62
6265,33
6266,65
6267,13
6268,58
6269,76
6270,30
6271,70
6272,06
6273,10
6274,23
6275,30
6276,88
6277,66
6278,51
6279,91
6280,74
6281,86
6282,80
6283,36
6284,18
6285,43
6286,23
6287,71
6288,99
6289,89
6290,10
6291,31
6292,63
6293,20
6294,20
6295,68
6296,66
6297,11
6298,40
6299,62
6300,28
6301,90
6302,90
6303,65
6304,98
6305,47
6306,81
6307,34
6308,18
6309,87
6310,28
6311,54
6312,31
6313,04
6314,41
6315,38
6316,55
6317,86
6318,77
6319,04
6320,78
6321,14
6322,60
6323,48
6324,23
6325,92
6326,63
6327,18
6328,55
6329,00
6330,66
6331,18
6332,77
6333,30
6334,54
6335,09
6336,85
6337,36
6338,52
6339,08
6340,93
6341,91
6342,78
6343,54
6344,18
6345,80
6346,13
6347,22
6348,78
6349,49
6350,69
6351,53
6352,44
6353,62
6354,27
6355,51
6356,02
6357,85
6358,25
6359,16
6360,31
6361,90
6362,41
6363,75
6364,24
6365,60
6366,35
6367,86
6368,15
6369,46
6370,29
6371,56
6372,67
6373,54
6374,54
6375,16
6376,87
6377,63
6378,27
6379,31
6380,83
6381,84
6382,06
6383,33
6384,71
6385,09
6386,97
6387,91
6388,38
6389,88
6390,94
6391,70
6392,47
6393,40
6394,54
6395,70
6396,81
6397,75
6398,53
6399,16
6400,99
6401,10
6402,81
6403,28
6404,22
6405,44
6406,91
6407,14
6408,01
6409,27
6410,22
6411,52
6412,25
6413,37
6414,69
6415,68
6416,08
6417,49
6418,59
6419,60
6420,49
6421,15
6422,01
6423,07
6424,65
6425,16
6426,87
6427,15
6428,00
6429,24
6430,47
6431,40
6432,55
6433,34
6434,90
6435,41
6436,26
6437,45
6438,58
6439,97
6440,28
6441,48
6442,99
6443,64
6444,96
6445,79
6446,42
6447,91
6448,88
6449,47
6450,32
6451,69
6452,38
6453,82
6454,00
6455,87
6456,83
6457,93
6458,96
6459,51
6460,23
6461,58
6462,71
6463,08
6464,80
6465,10
6466,09
6467,73
6468,17
6469,07
6470,38
6471,66
6472,76
6473,33
6474,81
6475,84
6476,30
6477,60
6478,86
6479,55
6480,91
6481,92
6482,30
6483,25
6484,65
6485,07
6486,50
6487,10
6488,23
6489,88
6490,25
6491,58
6492,16
6493,39
6494,97
6495,12
6496,63
6497,61
6498,11
6499,62
6500,11
6501,14
6502,26
6503,93
6504,19
6505,45
6506,36
6507,77
6508,05
6509,58
6510,70
6511,72
6512,24
6513,73
6514,30
6515,77
6516,99
6517,73
6518,07
6519,73
6520,97
6521,47
6522,46
6523,59
6524,79
6525,23
6526,90
6527,78
6528,86
6529,14
6530,81
6531,44
6532,12
6533,21
6534,77
6535,63
6536,98
6537,59
6538,75
6539,08
6540,20
6541,68
6542,20
6543,02
6544,72
6545,53
6546,97
6547,75
6548,67
6549,71
6550,07
6551,90
6552,53
6553,97
6554,81
6555,26
6556,34
6557,22
6558,40
6559,21
6560,88
6561,40
6562,22
6563,11
6564,34
6565,91
6566,83
6567,70
6568,94
6569,41
6570,00
6571,83
6572,10
6573,25
6574,86
6575,99
6576,71
6577,63
6578,20
6579,09
6580,79
6581,44
6582,40
6583,55
6584,56
6585,70
6586,16
6587,23
6588,43
6589,06
6590,93
6591,87
6592,78
6593,35
6594,46
6595,74
6596,19
6597,22
6598,82
6599,50
6600,09
6601,36
6602,36
6603,25
6604,56
6605,17
6606,89
6607,92
6608,01
6609,12
6610,02
6611,12
6612,22
6613,80
6614,00
6615,07
6616,88
6617,52
6618,46
6619,85
6620,36
6621,75
6622,34
6623,69
6624,13
6625,72
6626,88
6627,83
6628,06
6629,58
6630,27
6631,26
6632,79
6633,91
6634,30
6635,06
6636,62
6637,93
6638,24
6639,69
6640,50
6641,38
6642,72
6643,00
6644,21
6645,64
6646,21
6647,19
6648,76
6649,38
6650,57
6651,55
6652,09
6653,43
6654,20
6655,20
6656,66
6657,25
6658,09
6659,31
6660,46
6661,37
6662,82
6663,69
6664,50
6665,91
6666,01
6667,94
6668,72
6669,30
6670,04
6671,28
6672,81
6673,08
6674,27
6675,88
6676,63
6677,95
6678,28
6679,07
6680,04
6681,13
6682,33
6683,07
6684,52
6685,22
6686,06
6687,51
6688,92
6689,90
6690,73
6691,65
6692,58
6693,72
6694,60
6695,86
6696,42
6697,10
6698,69
6699,99
6700,75
6701,42
6702,39
6703,48
6704,02
6705,68
6706,17
6707,28
6708,61
6709,75
6710,88
6711,36
6712,09
6713,21
6714,62
6715,68
6716,93
6717,74
6718,94
6719,97
6720,75
6721,18
6722,33
6723,67
6724,37
6725,04
6726,58
6727,04
6728,76
6729,63
6730,64
6731,09
6732,55
6733,39
6734,17
6735,28
6736,80
6737,36
6738,86
6739,71
6740,39
6741,07
6742,11
6743,79
6744,56
6745,98
6746,72
6747,66
6748,07
6749,77
6750,22
6751,25
6752,84
6753,39
6754,18
6755,42
6756,44
6757,25
6758,34
6759,75
6760,09
6761,11
6762,69
6763,43
6764,48
6765,90
6766,73
6767,55
6768,09
6769,15
6770,63
6771,87
6772,76
6773,43
6774,18
6775,69
6776,22
6777,73
6778,63
6779,55
6780,04
6781,61
6782,38
6783,65
6784,50
6785,63
6786,11
6787,51
6788,90
6789,31
6790,49
6791,10
6792,46
6793,39
6794,20
6795,04
6796,58
6797,32
6798,12
6799,71
6800,13
6801,13
6802,18
6803,56
6804,10
6805,24
6806,94
6807,74
6808,46
6809,38
6810,78
6811,96
6812,05
6813,67
6814,00
6815,84
6816,07
6817,92
6818,59
6819,16
6820,39
6821,26
6822,91
6823,59
6824,52
6825,63
6826,09
6827,86
6828,29
6829,04
6830,38
6831,56
6832,92
6833,64
6834,18
6835,29
6836,71
6837,71
6838,89
6839,34
6840,10
6841,24
6842,84
6843,58
6844,80
6845,64
6846,16
6847,77
6848,65
6849,41
6850,40
6851,17
6852,12
6853,24
6854,49
6855,06
6856,63
6857,24
6858,67
6859,47
6860,34
6861,77
6862,98
6863,78
6864,03
6865,16
6866,86
6867,72
6868,13
6869,02
6870,37
6871,13
6872,65
6873,54
6874,65
6875,25
6876,84
6877,60
6878,83
6879,66
6880,72
6881,27
6882,73
6883,88
6884,44
6885,86
6886,27
6887,49
6888,25
6889,72
6890,46
6891,97
6892,44
6893,48
6894,49
6895,41
6896,08
6897,01
6898,10
6899,24
6900,11
6901,37
6902,45
6903,27
6904,13
6905,42
6906,42
6907,36
6908,59
6909,18
6910,95
6911,17
6912,75
6913,12
6914,82
6915,86
6916,53
6917,42
6918,26
6919,73
6920,79
6921,55
6922,77
6923,37
6924,28
6925,71
6926,71
6927,20
6928,76
6929,49
6930,21
6931,62
6932,56
6933,54
6934,55
6935,84
6936,66
6937,81
6938,02
6939,66
6940,95
6941,70
6942,17
6943,50
6944,04
6945,58
6946,44
6947,23
6948,31
6949,41
6950,83
6951,29
6952,94
6953,13
6954,84
6955,20
6956,20
6957,03
6958,71
6959,50
6960,94
6961,14
6962,29
6963,39
6964,87
6965,41
6966,32
6967,11
6968,31
6969,35
6970,34
6971,40
6972,97
6973,69
6974,72
6975,04
6976,83
6977,72
6978,85
6979,07
6980,08
6981,31
6982,33
6983,62
6984,15
6985,82
6986,41
6987,71
6988,69
6989,21
6990,02
6991,65
6992,71
6993,40
6994,16
6995,15
6996,65
6997,27
6998,35
6999,22
7000,04
7001,50
7002,85
7003,14
7004,95
7005,08
7006,69
7007,12
7008,73
7009,39
7010,15
7011,31
7012,22
7013,91
7014,56
7015,67
7016,14
7017,29
7018,60
7019,03
7020,78
7021,23
7022,98
7023,72
7024,22
7025,06
7026,39
7027,49
7028,39
7029,46
7030,32
7031,44
7032,34
7033,30
7034,68
7035,53
7036,89
7037,83
7038,61
7039,78
7040,79
7041,66
7042,19
7043,97
7044,74
7045,59
7046,71
7047,05
7048,64
7049,26
7050,85
7051,86
7052,14
7053,43
7054,25
7055,52
7056,90
7057,54
7058,77
7059,91
7060,14
7061,82
7062,01
7063,57
7064,84
7065,68
7066,25
7067,40
7068,17
7069,30
7070,61
7071,37
7072,68
7073,89
7074,95
7075,76
7076,18
7077,58
7078,77
7079,24
7080,53
7081,16
7082,91
7083,07
7084,13
7085,76
7086,54
7087,23
7088,48
7089,85
7090,30
7091,33
7092,29
7093,41
7094,79
7095,58
7096,46
7097,72
7098,52
7099,13
7100,43
7101,57
7102,58
7103,22
7104,48
7105,93
7106,59
7107,98
7108,08
7109,92
7110,55
7111,29
7112,31
7113,81
7114,69
7115,20
7116,31
7117,04
7118,61
7119,50
7120,63
7121,01
7122,80
7123,38
7124,21
7125,67
7126,15
7127,58
7128,08
7129,22
7130,78
7131,58
7132,01
7133,56
7134,16
7135,31
7136,07
7137,79
7138,76
7139,99
7140,89
7141,34
7142,30
7143,06
7144,47
7145,28
7146,36
7147,17
7148,94
7149,87
7150,43
7151,68
7152,20
7153,57
7154,91
7155,93
7156,86
7157,90
7158,68
7159,06
7160,10
7161,39
7162,63
7163,43
7164,43
7165,36
7166,74
7167,43
7168,72
7169,19
7170,25
7171,10
7172,37
7173,37
7174,89
7175,12
7176,62
7177,25
7178,39
7179,95
7180,13
7181,55
7182,35
7183,56
7184,29
7185,80
7186,52
7187,23
7188,57
7189,24
7190,14
7191,73
7192,79
7193,47
7194,82
7195,82
7196,72
7197,87
7198,46
7199,38
7200,16
7201,39
7202,71
7203,40
7204,08
7205,33
7206,54
7207,23
7208,41
7209,84
7210,90
7211,25
7212,23
7213,12
7214,67
7215,63
7216,46
7217,64
7218,74
7219,03
7220,61
7221,50
7222,75
7223,19
7224,48
7225,18
7226,61
7227,54
7228,61
7229,54
7230,21
7231,40
7232,84
7233,87
7234,13
7235,83
7236,41
7237,18
7238,61
7239,73
7240,02
7241,22
7242,91
7243,19
7244,44
7245,97
7246,68
7247,32
7248,75
7249,10
7250,74
7251,08
7252,48
7253,28
7254,67
7255,94
7256,76
7257,64
7258,25
7259,73
7260,16
7261,06
7262,49
7263,21
7264,18
7265,74
7266,50
7267,59
7268,37
7269,30
7270,04
7271,63
7272,54
7273,71
7274,84
7275,86
7276,36
7277,28
7278,05
7279,01
7280,01
7281,21
7282,13
7283,76
7284,27
7285,28
7286,44
7287,73
7288,11
7289,79
7290,43
7291,92
7292,31
7293,56
7294,46
7295,20
7296,20
7297,41
7298,80
7299,05
7300,32
7301,32
7302,18
7303,99
7304,04
7305,62
7306,61
7307,76
7308,27
7309,76
7310,05
7311,34
7312,06
7313,81
7314,53
7315,02
7316,11
7317,96
7318,49
7319,88
7320,53
7321,71
7322,15
7323,80
7324,97
7325,13
7326,32
7327,85
7328,90
7329,78
7330,77
7331,27
7332,24
7333,63
7334,55
7335,86
7336,49
7337,90
7338,40
7339,72
7340,74
7341,61
7342,13
7343,70
7344,71
7345,55
7346,00
7347,26
7348,04
7349,57
7350,69
7351,83
7352,38
7353,11
7354,17
7355,85
7356,87
7357,14
7358,22
7359,28
7360,91
7361,55
7362,71
7363,39
7364,04
7365,66
7366,64
7367,26
7368,54
7369,87
7370,34
7371,72
7372,94
7373,75
7374,32
7375,15
7376,94
7377,68
7378,63
7379,17
7380,09
7381,17
7382,71
7383,48
7384,48
7385,02
7386,71
7387,08
7388,64
7389,61
7390,77
7391,43
7392,53
7393,13
7394,18
7395,08
7396,31
7397,00
7398,13
7399,36
7400,16
7401,71
7402,17
7403,10
7404,97
7405,63
7406,80
7407,04
7408,32
7409,51
7410,36
7411,89
7412,27
7413,27
7414,79
7415,78
7416,20
7417,84
7418,92
7419,01
7420,54
7421,30
7422,56
7423,06
7424,31
7425,57
7426,98
7427,13
7428,01
7429,98
7430,77
7431,25
7432,43
7433,59
7434,64
7435,38
7436,87
7437,14
7438,86
7439,91
7440,07
7441,78
7442,31
7443,98
7444,76
7445,12
7446,57
7447,04
7448,17
7449,88
7450,79
7451,34
7452,60
7453,02
7454,05
7455,86
7456,23
7457,01
7458,60
7459,47
7460,16
7461,59
7462,50
7463,39
7464,97
7465,08
7466,31
7467,28
7468,15
7469,69
7470,36
7471,61
7472,78
7473,37
7474,58
7475,40
7476,92
7477,77
7478,73
7479,77
7480,58
7481,00
7482,78
7483,80
7484,13
7485,60
7486,51
7487,36
7488,97
7489,73
7490,24
7491,73
7492,98
7493,65
7494,88
7495,90
7496,53
7497,50
7498,31
7499,64
7500,13
7501,70
7502,94
7503,69
7504,00
7505,02
7506,16
7507,79
7508,88
7509,38
7510,69
7511,83
7512,96
7513,55
7514,98
7515,23
7516,87
7517,13
7518,30
7519,31
7520,91
7521,29
7522,67
7523,98
7524,01
7525,50
7526,71
7527,26
7528,49
7529,33
7530,79
7531,95
7532,61
7533,24
7534,05
7535,01
7536,52
7537,67
7538,09
7539,26
7540,84
7541,19
7542,79
7543,06
7544,74
7545,54
7546,64
7547,61
7548,16
7549,40
7550,63
7551,72
7552,15
7553,52
7554,45
7555,62
7556,08
7557,51
7558,82
7559,90
7560,27
7561,85
7562,64
7563,38
7564,39
7565,37
7566,08
7567,99
7568,72
7569,46
7570,38
7571,07
7572,68
7573,92
7574,41
7575,47
7576,67
7577,31
7578,31
7579,93
7580,48
7581,67
7582,79
7583,27
7584,97
7585,98
7586,13
7587,01
7588,16
7589,68
7590,41
7591,01
7592,95
7593,75
7594,39
7595,90
7596,74
7597,93
7598,83
7599,73
7600,42
7601,32
7602,32
7603,27
7604,81
7605,08
7606,29
7607,46
7608,32
7609,26
7610,25
7611,78
7612,05
7613,72
7614,03
7615,35
7616,25
7617,54
7618,63
7619,17
7620,44
7621,71
7622,44
7623,80
7624,93
7625,34
7626,56
7627,25
7628,28
7629,31
7630,32
7631,02
7632,70
7633,31
7634,13
7635,99
7636,67
7637,61
7638,28
7639,26
7640,68
7641,40
7642,37
7643,48
7644,71
7645,39
7646,37
7647,04
7648,69
7649,23
7650,14
7651,05
7652,59
7653,23
7654,39
7655,58
7656,23
7657,91
7658,20
7659,56
7660,66
7661,13
7662,67
7663,58
7664,16
7665,92
7666,38
7667,51
7668,74
7669,43
7670,72
7671,68
7672,73
7673,81
7674,02
7675,86
7676,51
7677,37
7678,25
7679,42
7680,19
7681,70
7682,70
7683,76
7684,44
7685,24
7686,74
7687,59
7688,49
7689,04
7690,67
7691,96
7692,35
7693,02
7694,37
7695,57
7696,91
7697,51
7698,95
7699,67
7700,95
7701,45
7702,79
7703,60
7704,72
7705,23
7706,72
7707,51
7708,09
7709,89
7710,60
7711,76
7712,95
7713,00
7714,23
7715,16
7716,70
7717,75
7718,13
7719,76
7720,19
7721,57
7722,19
7723,46
7724,45
7725,67
7726,19
7727,66
7728,35
7729,56
7730,00
7731,27
7732,16
7733,41
7734,69
7735,84
7736,26
7737,47
7738,98
7739,71
7740,26
7741,87
7742,90
7743,50
7744,24
7745,81
7746,09
7747,09
7748,05
7749,66
7750,08
7751,00
7752,08
7753,92
7754,16
7755,47
7756,49
7757,50
7758,67
7759,32
7760,46
7761,24
7762,50
7763,41
7764,96
7765,45
7766,82
7767,97
7768,12
7769,40
7770,23
7771,23
7772,64
7773,80
7774,18
7775,16
7776,15
7777,09
7778,45
7779,64
7780,75
7781,36
7782,31
7783,41
7784,34
7785,00
7786,02
7787,90
7788,59
7789,73
7790,41
7791,33
7792,31
7793,81
7794,98
7795,13
7796,76
7797,00
7798,20
7799,82
7800,44
7801,33
7802,43
7803,57
7804,46
7805,64
7806,67
7807,10
7808,94
7809,95
7810,98
7811,04
7812,36
7813,69
7814,01
7815,69
7816,08
7817,31
7818,39
7819,86
7820,18
7821,99
7822,32
7823,66
7824,58
7825,29
7826,61
7827,05
7828,71
7829,43
7830,79
7831,19
7832,18
7833,30
7834,09
7835,46
7836,73
7837,38
7838,61
7839,52
7840,69
7841,67
7842,83
7843,52
7844,32
7845,51
7846,96
7847,22
7848,18
7849,08
7850,18
7851,77
7852,70
7853,87
7854,86
7855,96
7856,55
7857,47
7858,69
7859,00
7860,76
7861,86
7862,77
7863,75
7864,06
7865,16
7866,86
7867,38
7868,25
7869,49
7870,45
7871,98
7872,03
7873,19
7874,21
7875,73
7876,69
7877,66
7878,78
7879,23
7880,96
7881,88
7882,39
7883,78
7884,74
7885,11
7886,44
7887,14
7888,50
7889,02
7890,29
7891,06
7892,62
7893,69
7894,42
7895,51
7896,16
7897,54
7898,25
7899,55
7900,75
7901,66
7902,47
7903,83
7904,43
7905,18
7906,94
7907,75
7908,94
7909,09
7910,46
7911,62
7912,51
7913,25
7914,54
7915,98
7916,18
7917,03
7918,94
7919,17
7920,41
7921,80
7922,48
7923,92
7924,69
7925,36
7926,98
7927,17
7928,56
7929,09
7930,98
7931,42
7932,49
7933,22
7934,16
7935,44
7936,73
7937,47
7938,63
7939,57
7940,64
7941,15
7942,69
7943,43
7944,47
7945,01
7946,87
7947,58
7948,99
7949,31
7950,89
7951,49
7952,30
7953,51
7954,09
7955,62
7956,95
7957,48
7958,38
7959,62
7960,22
7961,67
7962,01
7963,86
7964,38
7965,64
7966,72
7967,67
7968,03
7969,78
7970,86
7971,69
7972,32
7973,22
7974,36
7975,51
7976,39
7977,99
7978,43
7979,26
7980,64
7981,03
7982,06
7983,85
7984,26
7985,10
7986,29
7987,42
7988,14
7989,05
7990,51
7991,07
7992,07
7993,24
7994,78
7995,28
7996,28
7997,53
7998,47
7999,02
8000,51
8001,09
8002,86
8003,15
8004,24
8005,67
8006,44
8007,53
8008,32
8009,02
8010,18
8011,39
8012,80
8013,08
8014,89
8015,67
8016,97
8017,98
8018,75
8019,14
8020,23
8021,31
8022,15
8023,34
8024,15
8025,42
8026,13
8027,03
8028,14
8029,57
8030,24
8031,33
8032,15
8033,91
8034,44
8035,31
8036,49
8037,58
8038,84
8039,43
8040,77
8041,32
8042,68
8043,85
8044,62
8045,86
8046,44
8047,72
8048,92
8049,29
8050,92
8051,06
8052,44
8053,60
8054,25
8055,39
8056,99
8057,09
8058,57
8059,29
8060,62
8061,91
8062,18
8063,14
8064,11
8065,91
8066,93
8067,99
8068,14
8069,20
8070,63
8071,13
8072,79
8073,44
8074,41
8075,87
8076,40
8077,04
8078,08
8079,56
8080,39
8081,97
8082,27
8083,93
8084,35
8085,78
8086,80
8087,92
8088,12
8089,89
8090,71
8091,31
8092,15
8093,12
8094,98
8095,59
8096,40
8097,84
8098,67
8099,22
8100,40
8101,18
8102,82
8103,28
8104,43
8105,44
8106,30
8107,25
8108,59
8109,54
8110,77
8111,89
8112,33
8113,59
8114,36
8115,97
8116,82
8117,31
8118,73
8119,80
8120,47
8121,98
8122,06
8123,65
8124,20
8125,27
8126,77
8127,39
8128,00
8129,61
8130,05
8131,11
8132,45
8133,36
8134,84
8135,32
8136,25
8137,60
8138,45
8139,09
8140,09
8141,06
8142,26
8143,07
8144,92
8145,77
8146,80
8147,24
8148,33
8149,82
8150,64
8151,41
8152,10
8153,80
8154,90
8155,30
8156,05
8157,81
8158,35
8159,28
8160,74
8161,36
8162,96
8163,42
8164,98
8165,82
8166,10
8167,75
8168,17
8169,90
8170,64
8171,84
8172,96
8173,21
8174,40
8175,90
8176,13
8177,94
8178,87
8179,64
8180,64
8181,86
8182,86
8183,95
8184,80
8185,17
8186,00
8187,33
8188,78
8189,91
8190,15
8191,59
8192,64
8193,59
8194,07
8195,13
8196,59
8197,25
8198,52
8199,09
8200,74
8201,91
8202,99
8203,47
8204,74
8205,91
8206,50
8207,68
8208,00
8209,87
8210,80
8211,23
8212,46
8213,91
8214,16
8215,29
8216,75
8217,75
8218,37
8219,44
8220,18
8221,33
8222,14
8223,48
8224,54
8225,99
8226,93
8227,42
8228,73
8229,11
8230,68
8231,94
8232,98
8233,50
8234,87
8235,15
8236,68
8237,49
8238,77
8239,27
8240,35
8241,47
8242,79
8243,47
8244,56
8245,20
8246,84
8247,98
8248,60
8249,51
8250,38
8251,81
8252,11
8253,78
8254,07
8255,21
8256,81
8257,16
8258,48
8259,37
8260,89
8261,11
8262,37
8263,44
8264,81
8265,73
8266,35
8267,20
8268,50
8269,44
8270,31
8271,51
8272,54
8273,15
8274,21
8275,30
8276,29
8277,36
8278,00
8279,75
8280,98
8281,34
8282,42
8283,43
8284,34
8285,10
8286,53
8287,42
8288,61
8289,49
8290,79
8291,39
8292,98
8293,94
8294,72
8295,56
8296,79
8297,15
8298,37
8299,93
8300,43
8301,51
8302,73
8303,61
8304,65
8305,67
8306,01
8307,95
8308,30
8309,20
8310,46
8311,30
8312,82
8313,18
8314,71
8315,86
8316,87
8317,14
8318,29
8319,88
8320,33
8321,07
8322,37
8323,51
8324,03
8325,31
8326,74
8327,77
8328,37
8329,92
8330,07
8331,97
8332,75
8333,78
8334,96
8335,18
8336,54
8337,83
8338,78
8339,19
8340,48
8341,64
8342,06
8343,32
8344,47
8345,91
8346,85
8347,14
8348,87
8349,86
8350,74
8351,21
8352,21
8353,65
8354,00
8355,64
8356,03
8357,16
8358,72
8359,82
8360,83
8361,88
8362,85
8363,29
8364,79
8365,55
8366,45
8367,16
8368,86
8369,21
8370,62
8371,18
8372,87
8373,08
8374,27
8375,08
8376,37
8377,52
8378,01
8379,80
8380,37
8381,49
8382,06
8383,17
8384,51
8385,64
8386,80
8387,42
8388,54
8389,77
8390,25
8391,35
8392,66
8393,60
8394,18
8395,68
8396,50
8397,72
8398,74
8399,61
8400,69
8401,88
8402,20
8403,06
8404,65
8405,21
8406,65
8407,32
8408,21
8409,92
8410,68
8411,37
8412,53
8413,22
8414,35
8415,48
8416,96
8417,30
8418,12
8419,94
8420,54
8421,66
8422,02
8423,56
8424,29
8425,35
8426,00
8427,05
8428,28
8429,48
8430,15
8431,14
8432,01
8433,73
8434,94
8435,79
8436,67
8437,37
8438,52
8439,46
8440,86
8441,05
8442,59
8443,14
8444,62
8445,32
8446,05
8447,00
8448,99
8449,27
8450,23
8451,76
8452,90
8453,67
8454,08
8455,81
8456,66
8457,11
8458,10
8459,41
8460,07
8461,46
8462,76
8463,59
8464,70
8465,21
8466,42
8467,11
8468,01
8469,55
8470,56
8471,92
8472,59
8473,25
8474,46
8475,47
8476,89
8477,73
8478,49
8479,03
8480,12
8481,05
8482,11
8483,06
8484,62
8485,19
8486,68
8487,55
8488,85
8489,79
8490,75
8491,18
8492,03
8493,19
8494,91
8495,41
8496,84
8497,19
8498,38
8499,08
8500,83
8501,76
8502,09
8503,86
8504,01
8505,98
8506,81
8507,32
8508,89
8509,28
8510,80
8511,27
8512,23
8513,85
8514,67
8515,57
8516,87
8517,56
8518,34
8519,41
8520,90
8521,06
8522,84
8523,50
8524,51
8525,77
8526,74
8527,52
8528,87
8529,69
8530,04
8531,02
8532,74
8533,11
8534,12
8535,20
8536,31
8537,29
8538,78
8539,48
8540,45
8541,63
8542,31
8543,12
8544,93
8545,60
8546,38
8547,37
8548,20
8549,14
8550,70
8551,32
8552,93
8553,47
8554,67
8555,46
8556,46
8557,91
8558,38
8559,52
8560,52
8561,14
8562,95
8563,99
8564,12
8565,36
8566,35
8567,04
8568,66
8569,63
8570,69
8571,82
8572,59
8573,48
8574,48
8575,71
8576,61
8577,61
8578,50
8579,36
8580,78
8581,54
8582,50
8583,63
8584,47
8585,96
8586,02
8587,57
8588,97
8589,44
8590,85
8591,49
8592,22
8593,46
8594,45
8595,72
8596,05
8597,91
8598,36
8599,77
8600,70
8601,43
8602,22
8603,28
8604,74
8605,17
8606,79
8607,33
8608,63
8609,16
8610,06
8611,87
8612,95
8613,78
8614,00
8615,84
8616,23
8617,37
8618,49
8619,66
8620,51
8621,28
8622,84
8623,82
8624,91
8625,48
8626,57
8627,28
8628,56
8629,51
8630,33
8631,65
8632,26
8633,36
8634,61
8635,12
8636,19
8637,76
8638,59
8639,68
8640,10
8641,98
8642,85
8643,41
8644,10
8645,22
8646,63
8647,42
8648,47
8649,12
8650,75
8651,08
8652,33
8653,58
8654,87
8655,32
8656,11
8657,76
8658,27
8659,89
8660,82
8661,63
8662,72
8663,58
8664,67
8665,45
8666,07
8667,38
8668,35
8669,20
8670,31
8671,64
8672,11
8673,90
8674,92
8675,06
8676,80
8677,35
8678,09
8679,47
8680,39
8681,26
8682,71
8683,80
8684,78
8685,61
8686,16
8687,36
8688,51
8689,45
8690,37
8691,15
8692,48
8693,16
8694,67
8695,40
8696,18
8697,36
8698,34
8699,84
8700,41
8701,05
8702,74
8703,02
8704,20
8705,83
8706,17
8707,38
8708,72
8709,16
8710,96
8711,27
8712,95
8713,97
8714,47
8715,10
8716,98
8717,62
8718,13
8719,78
8720,14
8721,90
8722,52
8723,73
8724,39
8725,80
8726,69
8727,41
8728,34
8729,09
8730,15
8731,61
8732,79
8733,54
8734,03
8735,54
8736,34
8737,56
8738,91
8739,28
8740,56
8741,63
8742,60
8743,90
8744,00
8745,83
8746,36
8747,96
8748,60
8749,57
8750,37
8751,62
8752,64
8753,99
8754,93
8755,74
8756,33
8757,82
8758,11
8759,47
8760,35
8761,27
8762,31
8763,61
8764,43
8765,09
8766,02
8767,15
8768,32
8769,22
8770,73
8771,63
8772,58
8773,15
8774,27
8775,69
8776,48
8777,78
8778,28
8779,76
8780,12
8781,88
8782,23
8783,08
8784,01
8785,03
8786,86
8787,41
8788,64
8789,41
8790,76
8791,97
8792,20
8793,10
8794,18
8795,31
8796,63
8797,33
8798,13
8799,39
8800,53
8801,15
8802,17
8803,14
8804,36
8805,01
8806,95
8807,10
8808,87
8809,94
8810,08
8811,91
8812,14
8813,48
8814,12
8815,52
8816,88
8817,92
8818,84
8819,62
8820,69
8821,15
8822,77
8823,03
8824,39
8825,91
8826,49
8827,45
8828,43
8829,20
8830,24
8831,86
8832,17
8833,51
8834,75
8835,52
8836,95
8837,08
8838,34
8839,34
8840,03
8841,85
8842,02
8843,00
8844,17
8845,03
8846,54
8847,19
8848,25
8849,86
8850,96
8851,13
8852,53
8853,20
8854,03
8855,43
8856,03
8857,79
8858,39
8859,62
8860,64
8861,07
8862,55
8863,84
8864,08
8865,38
8866,77
8867,46
8868,21
8869,13
8870,93
8871,56
8872,32
8873,71
8874,54
8875,66
8876,92
8877,20
8878,25
8879,81
8880,23
8881,19
8882,11
8883,14
8884,75
8885,37
8886,90
8887,43
8888,48
8889,90
8890,86
8891,35
8892,69
8893,11
8894,41
8895,18
8896,70
8897,88
8898,29
8899,99
8900,22
8901,04
8902,58
8903,87
8904,31
8905,53
8906,31
8907,95
8908,25
8909,44
8910,54
8911,40
8912,96
8913,00
8914,70
8915,12
8916,62
8917,37
8918,64
8919,27
8920,44
8921,41
8922,40
8923,49
8924,35
8925,65
8926,38
8927,68
8928,83
8929,06
8930,79
8931,13
8932,60
8933,35
8934,77
8935,62
8936,76
8937,10
8938,34
8939,17
8940,99
8941,53
8942,21
8943,98
8944,20
8945,40
8946,23
8947,61
8948,48
8949,05
8950,46
8951,26
8952,77
8953,71
8954,78
8955,09
8956,70
8957,21
8958,85
8959,39
8960,93
8961,09
8962,28
8963,48
8964,48
8965,32
8966,85
8967,93
8968,04
8969,17
8970,33
8971,56
8972,03
8973,07
8974,69
8975,48
8976,80
8977,78
8978,94
8979,72
8980,39
8981,35
8982,25
8983,38
8984,07
8985,40
8986,62
8987,04
8988,26
8989,57
8990,80
8991,20
8992,31
8993,38
8994,27
8995,15
8996,93
8997,36
8998,42
8999,36
9000,39
9001,18
9002,56
9003,45
9004,67
9005,90
9006,07
9007,92
9008,65
9009,47
9010,07
9011,57
9012,11
9013,77
9014,11
9015,98
9016,23
9017,55
9018,72
9019,41
9020,84
9021,24
9022,43
9023,60
9024,52
9025,70
9026,11
9027,38
9028,41
9029,35
9030,96
9031,67
9032,17
9033,37
9034,35
9035,43
9036,29
9037,14
9038,00
9039,74
9040,05
9041,43
9042,28
9043,11
9044,77
9045,23
9046,12
9047,71
9048,53
9049,53
9050,86
9051,08
9052,42
9053,81
9054,23
9055,71
9056,23
9057,17
9058,44
9059,13
9060,22
9061,65
9062,36
9063,85
9064,93
9065,77
9066,17
9067,73
9068,72
9069,73
9070,29
9071,43
9072,57
9073,74
9074,19
9075,51
9076,93
9077,24
9078,94
9079,90
9080,20
9081,65
9082,53
9083,71
9084,50
9085,38
9086,31
9087,64
9088,10
9089,70
9090,22
9091,10
9092,25
9093,42
9094,70
9095,00
9096,71
9097,04
9098,23
9099,78
9100,77
9101,13
9102,07
9103,03
9104,29
9105,52
9106,18
9107,68
9108,28
9109,93
9110,19
9111,43
9112,28
9113,57
9114,36
9115,98
9116,98
9117,04
9118,91
9119,87
9120,03
9121,73
9122,43
9123,05
9124,37
9125,54
9126,34
9127,69
9128,89
9129,72
9130,59
9131,82
9132,44
9133,27
9134,32
9135,20
9136,32
9137,20
9138,77
9139,71
9140,54
9141,33
9142,86
9143,98
9144,61
9145,84
9146,44
9147,89
9148,49
9149,82
9150,18
9151,45
9152,21
9153,43
9154,00
9155,53
9156,75
9157,42
9158,67
9159,54
9160,88
9161,45
9162,41
9163,01
9164,57
9165,09
9166,82
9167,68
9168,48
9169,11
9170,88
9171,07
9172,45
9173,17
9174,14
9175,92
9176,61
9177,99
9178,99
9179,95
9180,34
9181,75
9182,64
9183,95
9184,88
9185,25
9186,13
9187,89
9188,62
9189,68
9190,71
9191,42
9192,28
9193,77
9194,26
9195,99
9196,81
9197,18
9198,54
9199,75
9200,69
9201,25
9202,81
9203,35
9204,18
9205,72
9206,20
9207,19
9208,00
9209,30
9210,83
9211,98
9212,13
9213,46
9214,87
9215,93
9216,96
9217,80
9218,14
9219,84
9220,48
9221,14
9222,31
9223,71
9224,28
9225,72
9226,66
9227,91
9228,78
9229,49
9230,99
9231,82
9232,32
9233,00
9234,63
9235,69
9236,97
9237,20
9238,79
9239,26
9240,20
9241,46
9242,97
9243,18
9244,63
9245,37
9246,26
9247,76
9248,41
9249,26
9250,08
9251,29
9252,19
9253,23
9254,47
9255,98
9256,85
9257,04
9258,84
9259,16
9260,03
9261,16
9262,66
9263,30
9264,81
9265,75
9266,25
9267,14
9268,71
9269,32
9270,21
9271,58
9272,70
9273,67
9274,81
9275,53
9276,76
9277,31
9278,16
9279,45
9280,56
9281,05
9282,61
9283,32
9284,28
9285,03
9286,69
9287,05
9288,23
9289,81
9290,02
9291,49
9292,88
9293,43
9294,59
9295,19
9296,66
9297,21
9298,93
9299,84
9300,69
9301,21
9302,75
9303,87
9304,96
9305,92
9306,76
9307,69
9308,39
9309,21
9310,39
9311,54
9312,48
9313,59
9314,90
9315,99
9316,51
9317,32
9318,72
9319,23
9320,55
9321,72
9322,78
9323,05
9324,24
9325,98
9326,31
9327,24
9328,27
9329,85
9330,67
9331,14
9332,82
9333,39
9334,34
9335,39
9336,84
9337,89
9338,80
9339,66
9340,21
9341,55
9342,58
9343,72
9344,98
9345,47
9346,60
9347,79
9348,42
9349,53
9350,01
9351,39
9352,03
9353,20
9354,78
9355,81
9356,18
9357,19
9358,65
9359,31
9360,99
9361,08
9362,57
9363,00
9364,26
9365,63
9366,04
9367,56
9368,53
9369,30
9370,77
9371,77
9372,29
9373,17
9374,56
9375,41
9376,25
9377,38
9378,12
9379,14
9380,81
9381,35
9382,02
9383,28
9384,24
9385,59
9386,60
9387,95
9388,40
9389,22
9390,29
9391,15
9392,84
9393,48
9394,84
9395,95
9396,82
9397,01
9398,82
9399,81
9400,00
9401,39
9402,12
9403,82
9404,09
9405,63
9406,47
9407,04
9408,29
9409,66
9410,55
9411,61
9412,57
9413,11
9414,37
9415,15
9416,31
9417,25
9418,18
9419,03
9420,77
9421,86
9422,56
9423,98
9424,79
9425,66
9426,13
9427,61
9428,16
9429,91
9430,41
9431,03
9432,37
9433,10
9434,31
9435,86
9436,98
9437,07
9438,39
9439,20
9440,55
9441,21
9442,07
9443,03
9444,81
9445,79
9446,03
9447,50
9448,98
9449,70
9450,02
9451,63
9452,47
9453,43
9454,94
9455,64
9456,67
9457,79
9458,55
9459,23
9460,77
9461,01
9462,26
9463,33
9464,28
9465,92
9466,78
9467,42
9468,63
9469,14
9470,70
9471,74
9472,75
9473,82
9474,56
9475,75
9476,31
9477,67
9478,82
9479,48
9480,35
9481,18
9482,45
9483,44
9484,75
9485,61
9486,04
9487,77
9488,53
9489,91
9490,01
9491,49
9492,79
9493,98
9494,11
9495,05
9496,30
9497,69
9498,04
9499,10
9500,47
9501,20
9502,86
9503,96
9504,27
9505,98
9506,12
9507,60
9508,66
9509,48
9510,16
9511,90
9512,28
9513,71
9514,50
9515,22
9516,17
9517,91
9518,71
9519,14
9520,77
9521,98
9522,63
9523,85
9524,13
9525,76
9526,47
9527,54
9528,18
9529,44
9530,06
9531,77
9532,61
9533,10
9534,91
9535,92
9536,10
9537,67
9538,84
9539,46
9540,56
9541,16
9542,91
9543,33
9544,01
9545,28
9546,30
9547,97
9548,53
9549,35
9550,15
9551,85
9552,56
9553,53
9554,88
9555,30
9556,30
9557,35
9558,23
9559,91
9560,25
9561,25
9562,15
9563,59
9564,44
9565,14
9566,41
9567,94
9568,09
9569,79
9570,04
9571,00
9572,77
9573,62
9574,23
9575,01
9576,32
9577,76
9578,13
9579,47
9580,36
9581,12
9582,24
9583,87
9584,22
9585,56
9586,76
9587,66
9588,35
9589,89
9590,36
9591,55
9592,21
9593,04
9594,96
9595,26
9596,04
9597,35
9598,68
9599,60
9600,29
9601,21
9602,11
9603,36
9604,23
9605,21
9606,27
9607,51
9608,45
9609,96
9610,82
9611,71
9612,93
9613,92
9614,69
9615,78
9616,67
9617,02
9618,33
9619,95
9620,82
9621,83
9622,03
9623,29
9624,44
9625,35
9626,04
9627,13
9628,50
9629,07
9630,23
9631,02
9632,77
9633,94
9634,79
9635,85
9636,85
9637,68
9638,35
9639,96
9640,79
9641,80
9642,13
9643,14
9644,11
9645,36
9646,11
9647,99
9648,52
9649,79
9650,69
9651,09
9652,77
9653,63
9654,51
9655,12
9656,26
9657,21
9658,34
9659,00
9660,47
9661,86
9662,27
9663,46
9664,13
9665,52
9666,84
9667,34
9668,64
9669,91
9670,12
9671,86
9672,43
9673,24
9674,23
9675,51
9676,24
9677,12
9678,73
9679,39
9680,67
9681,65
9682,50
9683,67
9684,01
9685,59
9686,26
9687,88
9688,02
9689,33
9690,02
9691,29
9692,68
9693,32
9694,26
9695,31
9696,82
9697,99
9698,78
9699,63
9700,65
9701,19
9702,89
9703,60
9704,91
9705,83
9706,10
9707,64
9708,86
9709,43
9710,37
9711,08
9712,58
9713,60
9714,04
9715,77
9716,26
9717,37
9718,19
9719,26
9720,86
9721,26
9722,17
9723,33
9724,20
9725,88
9726,16
9727,12
9728,77
9729,36
9730,17
9731,70
9732,72
9733,01
9734,70
9735,43
9736,70
9737,96
9738,87
9739,20
9740,85
9741,11
9742,14
9743,78
9744,41
9745,72
9746,64
9747,66
9748,98
9749,10
9750,18
9751,89
9752,71
9753,57
9754,85
9755,02
9756,55
9757,70
9758,14
9759,94
9760,85
9761,28
9762,46
9763,14
9764,49
9765,14
9766,02
9767,30
9768,18
9769,53
9770,71
9771,30
9772,25
9773,84
9774,28
9775,44
9776,19
9777,50
9778,44
9779,16
9780,63
9781,52
9782,36
9783,77
9784,75
9785,07
9786,35
9787,61
9788,82
9789,96
9790,20
9791,67
9792,16
9793,96
9794,41
9795,23
9796,04
9797,48
9798,02
9799,56
9800,39
9801,04
9802,52
9803,77
9804,74
9805,79
9806,84
9807,44
9808,98
9809,70
9810,49
9811,71
9812,51
9813,38
9814,98
9815,89
9816,84
9817,25
9818,71
9819,82
9820,18
9821,98
9822,72
9823,79
9824,44
9825,98
9826,11
9827,46
9828,38
9829,05
9830,14
9831,70
9832,65
9833,44
9834,71
9835,46
9836,61
9837,63
9838,95
9839,97
9840,39
9841,08
9842,59
9843,90
9844,94
9845,57
9846,81
9847,06
9848,03
9849,07
9850,63
9851,52
9852,43
9853,86
9854,05
9855,13
9856,95
9857,79
9858,62
9859,90
9860,80
9861,26
9862,36
9863,69
9864,81
9865,46
9866,60
9867,07
9868,91
9869,50
9870,10
9871,00
9872,68
9873,78
9874,27
9875,00
9876,28
9877,57
9878,38
9879,71
9880,17
9881,81
9882,18
9883,34
9884,12
9885,38
9886,33
9887,63
9888,23
9889,57
9890,83
9891,94
9892,81
9893,30
9894,54
9895,68
9896,11
9897,42
9898,78
9899,59
9900,85
9901,39
9902,72
9903,13
9904,65
9905,40
9906,99
9907,37
9908,22
9909,28
9910,80
9911,38
9912,03
9913,11
9914,18
9915,10
9916,74
9917,32
9918,65
9919,67
9920,46
9921,84
9922,40
9923,42
9924,53
9925,72
9926,99
9927,69
9928,66
9929,28
9930,71
9931,66
9932,23
9933,39
9934,74
9935,39
9936,03
9937,68
9938,05
9939,19
9940,98
9941,78
9942,92
9943,47
9944,33
9945,93
9946,30
9947,68
9948,61
9949,12
9950,13
9951,81
9952,89
9953,24
9954,71
9955,32
9956,01
9957,06
9958,74
9959,16
9960,04
9961,76
9962,02
9963,20
9964,41
9965,94
9966,90
9967,75
9968,76
9969,37
9970,05
9971,14
9972,50
9973,03
9974,78
9975,53
9976,00
9977,51
9978,45
9979,09
9980,90
9981,60
9982,61
9983,51
9984,64
9985,15
9986,28
9987,29
9988,83
9989,61
9990,69
9991,19
9992,71
9993,90
9994,59
9995,47
9996,24
9997,96
9998,75
9999,31
10000,23
